transaction_id,inventory_id,employee_id,transaction_date,quantity,transaction_type,notes
1,839,243,2024-04-02,19,Removal,Oil strategy believe that accept direction include amount.
2,177,1287,2024-02-21,13,Removal,Fact century cultural sometimes thought.
3,640,985,2024-03-14,2,Addition,Campaign expert same available.
4,1086,532,2024-04-17,12,Removal,Tell tend maintain one.
5,464,145,2024-02-28,13,Addition,Gun evidence impact simple.
6,479,165,2024-04-04,18,Removal,Cost poor education five movement live.
7,428,1138,2024-05-06,6,Removal,Ready off that chance.
8,1044,401,2024-02-23,14,Removal,Take discuss since page.
9,473,863,2024-02-13,6,Removal,Analysis rate maybe create loss life.
10,8,286,2024-05-22,10,Removal,Six society that glass.
11,1086,646,2024-03-15,13,Removal,Cut perform we.
12,770,492,2024-04-24,2,Removal,Military expect society bag smile plan.
13,830,1209,2024-05-09,8,Addition,Usually dark into series run.
14,677,1095,2024-02-04,20,Addition,Into perform include myself reach.
15,404,42,2024-01-20,14,Removal,Language choose citizen later.
16,251,891,2024-03-02,9,Addition,Ball staff summer account.
17,537,491,2024-03-09,2,Addition,Career base letter address.
18,411,542,2024-03-13,6,Removal,Thing discuss however south ball avoid.
19,374,163,2024-04-09,16,Removal,Image yes court begin ready peace.
20,436,1127,2024-04-20,12,Addition,Author nice range which air interview.
21,1106,854,2024-05-14,3,Addition,Person line tonight lawyer.
22,747,791,2024-04-17,13,Removal,Him force few gun.
23,195,223,2024-05-13,17,Addition,Deep magazine space effort across real cost.
24,67,1192,2024-05-20,12,Removal,Author born only trouble deal.
25,690,1039,2024-05-10,12,Removal,Receive as body half perhaps office side.
26,1232,1043,2024-05-26,20,Removal,Outside itself way walk itself strategy assume.
27,947,1024,2024-01-29,7,Addition,Window necessary prove television onto interview start.
28,726,382,2024-05-16,3,Addition,Space those actually determine rich law machine hair.
29,145,626,2024-04-26,2,Removal,Always stuff thank movie.
30,386,817,2024-03-11,13,Addition,Agree continue information measure.
31,677,61,2024-05-21,2,Addition,Relationship song whether deep human.
32,1043,948,2024-03-02,7,Addition,Beautiful surface loss risk lawyer idea.
33,950,602,2024-05-25,19,Addition,Else hour consumer finish share body face.
34,1172,531,2024-04-29,5,Removal,Catch us century per less fall across join.
35,238,1054,2024-05-15,19,Addition,Amount make recently claim.
36,1295,232,2024-01-13,3,Removal,Try past hospital.
37,1103,398,2024-01-18,13,Removal,Center less TV building.
38,478,1087,2024-04-29,11,Addition,Listen age news community.
39,401,912,2024-02-26,14,Addition,Make performance market.
40,745,1181,2024-03-28,9,Removal,Step near firm really girl ask.
41,521,634,2024-02-16,7,Addition,Land evening but traditional there.
42,174,801,2024-02-15,7,Addition,Hold mother all catch stage throughout.
43,271,769,2024-05-05,9,Removal,Level exist much city else skill during.
44,761,864,2024-02-19,16,Addition,Amount clearly bring same possible particularly.
45,434,756,2024-01-02,20,Removal,Realize reality up hour environmental once second.
46,371,716,2024-01-11,4,Removal,Fly all mention college audience whether since admit.
47,1058,431,2024-03-07,20,Removal,Trade simply year brother partner vote my.
48,768,856,2024-04-25,2,Addition,Space Republican service eye talk officer.
49,107,193,2024-01-15,7,Addition,With toward name.
50,918,1005,2024-01-18,11,Addition,Assume build both here adult do.
51,716,585,2024-04-28,20,Removal,Chair knowledge action someone politics sea air.
52,1110,321,2024-05-11,12,Removal,Commercial accept score my president happy environment fill.
53,603,588,2024-03-28,10,Removal,Ok drop easy both by note.
54,269,1140,2024-03-05,12,Addition,Position wrong sign foot although citizen away.
55,1103,1107,2024-01-05,3,Removal,Break true property admit culture central.
56,201,995,2024-05-23,3,Removal,Together ok night lay process first structure.
57,668,1162,2024-04-29,13,Removal,International strategy cell tree high minute clear.
58,98,1021,2024-03-09,11,Addition,Management similar building I wait window.
59,573,308,2024-02-03,19,Addition,Often agent somebody bad tell woman leave.
60,308,1226,2024-01-21,1,Addition,Power eight present standard choose.
61,931,1278,2024-04-13,8,Addition,Sort various ability newspaper.
62,926,701,2024-01-21,19,Addition,Beyond college parent glass week perhaps none.
63,1054,61,2024-03-21,14,Addition,Affect couple cultural wear building a blood.
64,254,405,2024-05-24,15,Addition,Result you owner size guess sometimes put green.
65,26,892,2024-04-13,15,Removal,Tend line summer claim current.
66,529,1090,2024-04-10,8,Addition,By off rather fill should name one.
67,911,1197,2024-03-20,9,Removal,Matter foot paper increase side garden just there.
68,1063,1239,2024-02-24,3,Removal,Name mind catch instead sister fine.
69,264,852,2024-04-14,17,Removal,Director health mean civil light able blood.
70,209,1035,2024-02-19,16,Addition,Rule accept listen smile within religious audience.
71,934,1095,2024-04-27,10,Removal,Country deal fine.
72,1064,96,2024-01-29,17,Addition,Affect nice action Democrat some soldier.
73,973,626,2024-04-15,1,Addition,Next analysis sort chair camera though.
74,937,845,2024-03-07,11,Removal,Board wide range store accept finally case.
75,1007,322,2024-03-16,20,Addition,Choose institution movie.
76,235,457,2024-03-01,15,Addition,Someone or that minute trouble manager him.
77,1265,783,2024-03-31,10,Removal,Nice probably add cause sound.
78,987,169,2024-02-06,13,Addition,Among officer dark certain anyone per prepare.
79,212,334,2024-02-01,13,Removal,Control building church beautiful kind.
80,529,814,2024-02-06,18,Removal,Door much produce peace trial sometimes manager.
81,773,288,2024-05-24,20,Addition,Process speech that hospital character manage low let.
82,612,400,2024-05-24,15,Addition,Them culture let town.
83,603,997,2024-04-09,14,Addition,Deal over wait money wall computer.
84,902,907,2024-05-12,17,Addition,Star last imagine base.
85,586,126,2024-04-06,13,Addition,Character accept mission business assume decision well.
86,786,296,2024-01-21,15,Addition,Economic someone suddenly.
87,36,297,2024-02-03,3,Addition,Red try series.
88,430,568,2024-02-21,14,Removal,Summer heavy early voice build participant.
89,808,684,2024-02-05,4,Addition,Nice still charge opportunity point organization between less.
90,1148,347,2024-03-25,9,Addition,Fire crime send little series artist.
91,984,1226,2024-01-15,4,Removal,Consumer several market task.
92,104,571,2024-03-26,10,Addition,Eat risk answer.
93,1156,84,2024-04-17,6,Removal,Reality everything actually talk event fish religious.
94,542,521,2024-05-26,9,Removal,Idea and bank across first worker lawyer.
95,1205,542,2024-03-20,17,Addition,True small upon gun.
96,95,1246,2024-01-07,19,Removal,Real become simply quickly quite for apply.
97,847,560,2024-05-18,20,Removal,Country to pay morning there where.
98,1013,756,2024-01-07,8,Addition,Down important oil answer page different dog explain.
99,393,1101,2024-02-04,13,Removal,Create agent question available successful crime perform language.
100,184,383,2024-03-18,16,Addition,Side service child little suffer group possible.
101,40,896,2024-03-11,1,Addition,Consider season exactly chair society avoid.
102,265,469,2024-03-16,1,Removal,Tv many ability against maintain.
103,85,285,2024-03-07,17,Removal,Particularly nature bill add color matter along.
104,144,833,2024-01-28,6,Addition,Yet close itself will.
105,403,290,2024-02-20,2,Removal,Yet table direction hospital party not amount after.
106,943,519,2024-05-13,10,Addition,Suffer big than all the natural next finally.
107,585,742,2024-02-02,3,Removal,Congress throughout education article business character baby seven.
108,364,125,2024-02-25,19,Removal,Consider peace commercial yeah during bed.
109,646,780,2024-05-10,1,Addition,It prevent arrive size environment expert.
110,707,318,2024-01-11,18,Removal,Her law style many write.
111,100,738,2024-03-09,16,Removal,Attention oil perhaps.
112,1237,1157,2024-01-30,10,Removal,Blood step as audience adult head born yourself.
113,1265,213,2024-03-04,10,Addition,Heavy into everything camera century.
114,674,1246,2024-04-29,16,Addition,Seem sister him alone once beyond push.
115,1150,408,2024-02-15,10,Removal,History level quality specific say throw myself.
116,204,888,2024-02-24,7,Addition,Concern idea outside.
117,945,985,2024-01-10,9,Addition,Address until doctor.
118,859,805,2024-04-22,14,Removal,Four value learn pressure.
119,1023,320,2024-05-18,11,Addition,Determine marriage report state activity space.
120,495,717,2024-03-31,5,Removal,Close long some huge view mission another.
121,750,1063,2024-05-26,14,Addition,Avoid thing act win.
122,898,637,2024-05-24,9,Addition,Who form former move as cut protect.
123,933,698,2024-03-28,19,Removal,But million across finish respond.
124,414,858,2024-01-15,5,Addition,Material treat easy find share upon.
125,482,1279,2024-03-10,10,Addition,Reduce civil skill daughter establish.
126,67,217,2024-04-15,9,Removal,Final what just church president.
127,924,957,2024-03-03,5,Removal,Let whom usually wish.
128,231,905,2024-04-20,19,Addition,This imagine state hot site strategy nothing.
129,800,582,2024-05-26,14,Addition,Now wear others standard four among finally traditional.
130,493,690,2024-05-14,6,Removal,Ability bit thought very voice land against.
131,1139,977,2024-01-16,2,Removal,Trouble nature because together second south.
132,548,383,2024-01-27,17,Addition,Serious stock certain.
133,625,1181,2024-03-21,18,Addition,Evening attention choose station organization left.
134,1022,953,2024-05-18,10,Removal,Single to learn stay serve seek.
135,698,877,2024-02-04,11,Addition,Check yes mother star.
136,551,329,2024-01-10,2,Removal,Bad knowledge food professor turn choose.
137,1178,173,2024-03-27,12,Removal,Young hit sense.
138,382,280,2024-05-21,3,Addition,Reality professional next type.
139,211,785,2024-03-25,4,Removal,Democrat worker system such same road skin.
140,1259,576,2024-04-12,5,Addition,As through point free wide network.
141,880,520,2024-02-15,13,Removal,Consider travel fish Mrs recognize represent security.
142,546,1272,2024-02-26,14,Addition,Take song long successful big voice significant.
143,885,654,2024-03-04,9,Addition,Vote buy present guy affect meeting.
144,236,590,2024-04-16,9,Removal,Worry participant brother staff base wait.
145,1196,441,2024-04-13,16,Addition,Into relationship difficult.
146,1215,751,2024-01-07,17,Addition,Right color her continue.
147,918,504,2024-03-11,19,Addition,Could idea bank.
148,867,94,2024-01-01,5,Addition,Beat quite water nature budget quickly hand herself.
149,38,60,2024-02-06,2,Addition,With prevent share story concern site late.
150,547,3,2024-05-23,18,Addition,Rate risk nothing she already push cut.
151,1085,777,2024-02-27,16,Addition,Network long ahead up room.
152,386,61,2024-01-17,5,Removal,Accept young security window.
153,639,300,2024-04-25,19,Addition,Present determine white college baby game table.
154,206,586,2024-04-03,17,Addition,Piece but reach manager.
155,187,1244,2024-02-18,14,Removal,Hard unit easy special significant.
156,836,1258,2024-02-19,4,Removal,Usually live particular process.
157,745,330,2024-03-28,3,Addition,Throw bring some candidate strategy analysis.
158,957,1183,2024-01-23,9,Removal,End anything response strong.
159,1028,1067,2024-01-25,3,Removal,Situation something keep sit.
160,923,1172,2024-05-06,18,Addition,Maintain war recently speak issue condition however.
161,579,201,2024-03-04,20,Addition,Left resource become just.
162,1157,8,2024-03-12,18,Removal,Information staff never none interview.
163,186,417,2024-02-05,20,Removal,Determine kind rich subject rather operation people spring.
164,719,1031,2024-04-08,3,Removal,Thus firm pick despite discover certainly message glass.
165,661,102,2024-03-04,3,Addition,Watch civil serve professional benefit.
166,333,1026,2024-04-30,20,Addition,Agency which oil reflect own hard beyond.
167,1195,72,2024-02-02,18,Addition,Raise prevent ball foreign opportunity his.
168,232,459,2024-01-23,18,Removal,Owner stand international structure want water rest.
169,919,1258,2024-04-27,14,Removal,Understand up traditional how paper.
170,1199,675,2024-03-27,17,Addition,Fear this ready pass administration.
171,596,308,2024-02-04,1,Removal,Letter clear maintain court phone establish drug.
172,573,327,2024-05-01,1,Removal,Over upon raise like be government able.
173,562,1027,2024-01-12,11,Addition,During relationship firm truth one.
174,1156,523,2024-02-28,18,Addition,End capital trouble each.
175,117,1039,2024-05-12,19,Removal,Well specific American edge write Democrat boy.
176,740,794,2024-05-14,15,Addition,Very whatever his low become perhaps.
177,462,1205,2024-03-21,20,Addition,Notice simply strategy real into.
178,42,728,2024-02-17,20,Removal,Parent feeling reflect ball hospital necessary factor work.
179,958,1191,2024-04-17,3,Addition,Popular left both true.
180,21,220,2024-05-05,16,Addition,Right half accept see senior seat contain.
181,322,829,2024-02-19,17,Addition,Industry class local under describe lose ago.
182,200,912,2024-04-28,15,Addition,Student new mission country public air thousand contain.
183,1268,1070,2024-02-29,3,Addition,Decision include recently would pull save.
184,1223,1129,2024-04-14,18,Removal,Turn heart attorney far night view dinner may.
185,635,1159,2024-01-23,4,Removal,Quality back too store weight it them forward.
186,519,114,2024-04-24,9,Removal,Risk rather best use information.
187,385,754,2024-04-15,15,Addition,Past experience surface pull day decade.
188,970,312,2024-02-13,1,Removal,Place spring industry push.
189,457,551,2024-04-28,14,Addition,Hour pull place area care notice.
190,70,618,2024-04-01,12,Removal,Until try represent manage democratic especially.
191,781,1178,2024-02-03,8,Addition,Threat individual scene box special.
192,103,83,2024-02-13,7,Removal,Bad yet follow cause quite doctor magazine remain.
193,1188,326,2024-02-01,4,Removal,Experience business similar huge special number speak.
194,1119,266,2024-01-07,13,Removal,Affect true challenge eat top answer stuff.
195,199,1002,2024-04-08,4,Removal,Coach board teacher.
196,955,973,2024-04-05,6,Addition,Water blue so guess side.
197,550,119,2024-03-02,11,Removal,Floor build increase method night mother.
198,1277,864,2024-04-18,7,Removal,Republican you people marriage your.
199,425,504,2024-01-30,3,Removal,Spend reveal director those.
200,947,1047,2024-04-27,8,Addition,Weight from thousand discuss region mean.
201,50,217,2024-05-03,7,Addition,Eight keep soon new.
202,740,492,2024-03-21,5,Removal,Style admit record however usually.
203,786,1257,2024-02-24,15,Removal,Chance gun already agent yourself live character.
204,310,323,2024-05-13,5,Addition,Conference know value pick.
205,794,644,2024-05-01,12,Removal,Stay story assume per.
206,253,420,2024-01-23,14,Addition,Music laugh evening before.
207,800,943,2024-03-24,16,Addition,Professional fine cut reality bed wish.
208,249,716,2024-04-05,4,Addition,Sign painting TV development field service have.
209,1191,126,2024-05-09,8,Removal,Bring push scientist article set drop.
210,1004,285,2024-02-15,5,Addition,Scene admit remember what.
211,14,243,2024-04-23,17,Removal,Still tree ten weight hear.
212,19,562,2024-02-11,12,Addition,Down new respond opportunity group mention green become.
213,688,1122,2024-02-27,6,Addition,Medical idea trade line I office.
214,1147,1226,2024-01-04,4,Removal,Senior clearly get you sea issue right.
215,603,609,2024-03-23,10,Addition,Best stay most ever program can feel sometimes.
216,1046,1194,2024-02-07,11,Addition,Experience man question.
217,882,1164,2024-02-25,12,Addition,Save both when rather vote town.
218,809,1125,2024-03-06,17,Removal,Remember strong black create.
219,302,939,2024-05-12,17,Addition,Player wife cut window.
220,894,78,2024-03-20,17,Removal,Letter right public assume his.
221,983,728,2024-01-20,9,Addition,Individual southern article coach.
222,1123,311,2024-03-19,2,Removal,Professor listen learn film maybe low them.
223,1078,1198,2024-02-02,2,Addition,Front southern article place.
224,55,485,2024-04-18,11,Removal,Middle avoid say success campaign.
225,859,1286,2024-04-10,18,Addition,Open political just bed.
226,292,1007,2024-05-09,16,Addition,Authority worry management figure.
227,484,604,2024-01-28,19,Addition,Least new poor parent over.
228,1147,1022,2024-04-28,18,Addition,Possible yard area ever sea.
229,674,1299,2024-03-12,2,Removal,Chair argue cut enjoy middle couple.
230,1299,1243,2024-02-18,6,Removal,Fire agree wonder need here at.
231,432,702,2024-03-26,2,Removal,Cup million everybody night media.
232,1260,993,2024-01-31,6,Addition,At full range.
233,972,335,2024-03-15,13,Addition,Stock finish forward give respond prevent teacher.
234,12,36,2024-05-20,13,Removal,Change contain behind front manager.
235,141,1174,2024-02-23,18,Removal,Unit discover wind wish save whole four.
236,949,332,2024-05-26,18,Addition,Get hand benefit investment any.
237,975,31,2024-03-13,1,Removal,Traditional knowledge many.
238,1155,1265,2024-01-24,18,Addition,Raise box allow interesting drug exist amount.
239,290,1076,2024-02-28,15,Addition,Camera these rise how trip detail interest write.
240,524,699,2024-02-12,10,Removal,Each fear pressure mean social sit position present.
241,868,684,2024-03-21,8,Addition,Only gun source central military learn.
242,103,235,2024-02-16,13,Removal,Prevent brother process everything.
243,920,1270,2024-05-18,4,Removal,Pattern gas include military.
244,259,549,2024-05-04,8,Addition,Interview trial cost small material hotel democratic near.
245,228,1002,2024-01-08,11,Addition,Billion himself modern want option.
246,332,250,2024-01-28,17,Addition,Heart much later report institution author others under.
247,705,953,2024-01-02,14,Removal,Group human truth address.
248,1022,156,2024-01-01,18,Removal,Enter theory person partner half conference.
249,1107,12,2024-02-14,16,Removal,Whose yard figure garden for.
250,849,1072,2024-03-17,8,Removal,College much cut coach subject.
251,308,438,2024-01-03,18,Addition,Condition body street yard campaign can.
252,1098,571,2024-04-14,2,Removal,Begin court television indicate.
253,211,1177,2024-05-11,8,Addition,Fish gun provide rich.
254,865,940,2024-03-01,9,Removal,Why science despite show we.
255,377,779,2024-04-26,18,Removal,Military glass myself amount total.
256,1249,1176,2024-01-05,10,Removal,Candidate will camera indeed education government growth.
257,588,517,2024-03-09,16,Addition,War treat onto husband.
258,416,873,2024-04-24,8,Addition,Property modern agree born expert.
259,504,1291,2024-04-02,17,Removal,Visit yes for community nation card second.
260,555,615,2024-02-07,6,Removal,Herself rock subject hand on onto particularly.
261,889,607,2024-03-27,19,Addition,Friend glass style accept show.
262,291,991,2024-02-09,11,Removal,Indeed project who knowledge station.
263,1163,322,2024-02-03,19,Addition,Establish project away win our property.
264,311,1229,2024-03-25,20,Removal,Job role type.
265,331,1148,2024-01-09,18,Removal,Eight building girl trial see nearly.
266,1187,313,2024-02-22,4,Addition,Performance total use central item answer now.
267,163,1074,2024-03-09,17,Removal,International necessary certainly reach dream.
268,1097,887,2024-01-26,9,Removal,She light school.
269,57,1150,2024-05-12,1,Addition,Me difficult social another.
270,446,11,2024-03-09,9,Removal,Happen because particular last.
271,1261,929,2024-05-14,2,Addition,Sure begin others often instead away.
272,468,48,2024-02-06,9,Removal,Skin modern hard push.
273,359,387,2024-01-12,6,Removal,Already someone wait wish.
274,973,170,2024-02-17,17,Addition,Head do difference.
275,884,530,2024-03-15,14,Removal,Find likely region suggest role arm.
276,1296,1029,2024-02-27,3,Removal,Collection beautiful generation fight surface peace red unit.
277,240,996,2024-03-11,13,Removal,Sound ago threat before company.
278,1026,924,2024-01-04,7,Removal,Line someone crime generation per.
279,49,1043,2024-02-10,8,Addition,Laugh away bed watch bag.
280,639,88,2024-04-02,14,Addition,Hotel that difficult instead majority hear very.
281,447,633,2024-01-22,19,Removal,Customer young customer structure.
282,531,644,2024-01-09,17,Removal,I job new catch kind memory.
283,810,1093,2024-01-17,16,Removal,Car dinner project owner meet.
284,280,932,2024-02-27,5,Addition,Adult develop kid from arm let.
285,154,104,2024-05-20,15,Removal,Officer ball follow artist.
286,399,1102,2024-01-23,10,Addition,Recently baby attorney trade.
287,815,825,2024-03-26,7,Addition,Recent trip get report industry eight strategy low.
288,1040,1055,2024-04-16,4,Removal,Type indicate cell born consumer leader kid.
289,362,510,2024-05-15,4,Addition,Second like term both us build.
290,527,1192,2024-05-23,1,Addition,Far team little appear although stop.
291,1156,1226,2024-01-13,9,Removal,Individual most actually mouth clearly.
292,605,1015,2024-03-03,1,Removal,Discuss tell prove in draw spend.
293,145,790,2024-01-15,16,Removal,Point wear condition service.
294,981,103,2024-04-22,7,Removal,Record church talk remember investment.
295,482,939,2024-04-28,13,Removal,Herself financial order goal.
296,554,672,2024-02-23,14,Removal,Public company west once.
297,148,745,2024-02-25,5,Addition,Exactly themselves argue couple election society everybody.
298,928,465,2024-01-27,6,Addition,Whole recent three single hospital sort.
299,157,85,2024-05-21,4,Addition,Reduce close trip when thus.
300,751,449,2024-03-05,19,Removal,Step page both assume prepare his.
301,709,925,2024-05-11,18,Removal,Later morning enter hit body teach.
302,895,884,2024-03-04,20,Removal,Over here seek fine.
303,1241,601,2024-02-01,1,Addition,Rich hair but room.
304,1257,1042,2024-02-14,5,Removal,Baby fear bring.
305,1283,1263,2024-05-09,10,Removal,Issue four step certainly significant establish.
306,262,1269,2024-05-01,19,Removal,Report hit entire available study.
307,1196,297,2024-03-28,12,Addition,Yard Mr floor off recent fund must collection.
308,340,64,2024-02-22,19,Removal,Along sense soldier simply arrive.
309,1167,208,2024-02-08,11,Addition,Let choose past available issue late house conference.
310,430,566,2024-03-22,4,Removal,Source keep grow indicate its scene.
311,357,961,2024-05-22,8,Removal,Position language the piece over popular.
312,287,1064,2024-01-14,11,Removal,Call court tonight back development event after.
313,889,958,2024-05-01,7,Addition,Property charge forget system seat start.
314,390,937,2024-02-23,18,Addition,Yourself forget sport.
315,683,533,2024-04-18,19,Removal,Finally statement bed.
316,537,649,2024-01-20,9,Removal,Do center consumer leave than drop.
317,67,475,2024-04-24,10,Addition,Next floor else eight will usually.
318,386,148,2024-03-13,8,Addition,Always society sister difficult.
319,384,881,2024-01-06,6,Addition,Network billion option population they role explain soldier.
320,552,230,2024-05-26,12,Removal,Population any common blood player PM.
321,591,937,2024-01-08,1,Addition,Every impact near.
322,1235,224,2024-01-10,8,Removal,Party gas buy view material.
323,206,224,2024-05-02,9,Addition,Night coach apply.
324,257,255,2024-01-18,15,Addition,Just him consumer wall.
325,839,375,2024-04-16,11,Removal,Look let receive sea building focus happy.
326,773,96,2024-01-13,7,Removal,Else level stock international six.
327,1287,1156,2024-04-30,2,Removal,Professional detail TV than price open.
328,1032,1082,2024-04-29,2,Removal,Help factor word arm.
329,349,593,2024-03-30,14,Addition,Day near group base prove.
330,1116,296,2024-01-02,10,Removal,New director wear food age.
331,929,786,2024-04-24,9,Removal,Team recently new benefit fear develop.
332,1291,93,2024-05-06,19,Addition,Opportunity through your really.
333,926,211,2024-02-24,9,Removal,Bit assume left form operation mouth fire close.
334,203,474,2024-04-30,9,Removal,Response whatever condition over thing over.
335,1002,671,2024-03-30,15,Addition,Real stand young.
336,1185,378,2024-02-16,14,Addition,Hundred red process minute goal.
337,165,1167,2024-01-29,10,Removal,When down or partner season officer wait high.
338,944,421,2024-05-17,8,Addition,Lose program man task fact other.
339,341,993,2024-05-16,16,Removal,Case according determine save put would.
340,437,655,2024-01-07,14,Removal,Doctor visit opportunity generation else.
341,107,130,2024-04-24,3,Addition,Society fire value know.
342,1007,648,2024-04-14,9,Addition,Police indicate city concern last necessary.
343,284,1254,2024-01-19,13,Removal,Use partner rather instead culture around laugh baby.
344,835,343,2024-02-20,19,Addition,More marriage American few international end pattern word.
345,879,180,2024-02-14,11,Removal,Allow oil same in.
346,80,569,2024-05-20,17,Removal,Crime source wife.
347,945,910,2024-03-20,4,Addition,Authority far room spend reality sister charge poor.
348,403,891,2024-01-03,3,Addition,Than meeting social offer whole not surface.
349,231,462,2024-01-01,13,Removal,Weight recently painting all building whose.
350,609,656,2024-02-26,16,Removal,News character reduce thus fact maybe around.
351,864,981,2024-02-01,4,Removal,Company west way sure hit feel feel miss.
352,836,1031,2024-02-22,5,Addition,Education design audience buy late describe.
353,860,1132,2024-05-06,17,Removal,Player where him increase.
354,1159,820,2024-03-03,5,Removal,For picture instead bed.
355,389,1097,2024-03-03,18,Addition,Sound scientist same college audience.
356,968,804,2024-05-13,1,Addition,Child wait professor perhaps.
357,801,496,2024-01-13,11,Addition,Drive answer final address.
358,1266,652,2024-04-07,5,Addition,Result job senior human ball rate remember.
359,697,1087,2024-03-31,13,Removal,More interview thousand low music another.
360,1227,383,2024-01-22,11,Addition,Some nation girl material part.
361,1043,1005,2024-01-09,19,Removal,Almost happy general investment make man help even.
362,801,907,2024-03-08,17,Removal,Voice into PM mission player Republican current.
363,802,1166,2024-04-24,20,Addition,Much live drop billion.
364,1110,615,2024-03-04,6,Removal,Also when image statement area want trouble.
365,703,1050,2024-03-02,9,Addition,Should smile give choice measure.
366,570,982,2024-04-22,15,Removal,Describe none door.
367,147,1221,2024-04-06,1,Addition,Century goal social fall.
368,697,1293,2024-01-22,13,Addition,Carry director name page take gun room.
369,1078,151,2024-05-16,20,Removal,Agreement Congress a religious.
370,177,621,2024-03-30,3,Addition,Case religious others.
371,1227,177,2024-05-18,18,Removal,Laugh east everything.
372,790,1027,2024-03-27,10,Removal,Energy look agree behavior.
373,174,527,2024-02-24,19,Removal,Born simply stuff score tough me.
374,516,1006,2024-02-19,20,Addition,Themselves employee agency coach cell institution range.
375,184,130,2024-01-24,9,Addition,Bag leader attack question lot.
376,162,1011,2024-03-30,16,Removal,Wrong before now write.
377,500,1030,2024-03-12,1,Removal,Guy imagine network eat painting paper.
378,871,1184,2024-04-23,20,Addition,City support evidence might easy record into.
379,1127,345,2024-03-18,10,Addition,Ok success effect watch professional difficult walk.
380,1175,843,2024-03-27,5,Addition,Authority career course employee avoid bed service.
381,309,513,2024-02-20,17,Addition,Draw reason two every conference usually traditional.
382,223,1051,2024-01-24,7,Removal,Local chance deep account task a.
383,48,864,2024-05-24,6,Addition,Health himself power guess bar firm discuss.
384,596,815,2024-05-17,13,Addition,Health affect director wind.
385,1135,256,2024-05-22,6,Removal,Although better hold.
386,393,1106,2024-04-14,2,Addition,Stop full second discussion although some hard national.
387,1122,949,2024-02-04,7,Removal,Conference pressure teacher green find degree.
388,760,822,2024-02-08,4,Addition,This card skill system where outside.
389,740,918,2024-02-21,13,Removal,Through really argue coach group girl.
390,1148,607,2024-04-22,19,Removal,Talk enter long.
391,316,384,2024-04-18,15,Removal,Opportunity similar address child provide language development.
392,1191,1261,2024-02-17,11,Addition,General bag store feeling improve.
393,677,998,2024-04-17,8,Removal,Pass beautiful power painting anything anything.
394,552,856,2024-04-24,17,Addition,General small clear.
395,1183,588,2024-02-08,1,Removal,Vote purpose society learn.
396,628,508,2024-04-02,4,Removal,Hope enter itself theory skill.
397,551,266,2024-04-11,13,Addition,General step TV network old become laugh.
398,765,871,2024-05-04,19,Addition,Us be eight child age ability.
399,1289,276,2024-03-24,3,Addition,Marriage small difference.
400,886,614,2024-04-11,1,Addition,Radio court dream quickly.
401,1013,311,2024-03-14,7,Removal,For staff choice get view have.
402,260,957,2024-01-09,6,Removal,Wide four discuss expect win medical each.
403,1103,321,2024-03-01,20,Addition,Score shoulder measure hope American store certainly.
404,712,229,2024-01-02,20,Removal,Office figure attention thought professional.
405,104,652,2024-02-07,16,Addition,Piece fine among might culture news.
406,677,834,2024-05-22,9,Addition,Marriage successful of star artist value.
407,805,885,2024-05-15,16,Removal,Should budget call talk though.
408,730,1151,2024-03-31,8,Addition,Land some candidate play before.
409,663,1195,2024-01-01,20,Addition,Trial yes however recent quickly them.
410,77,744,2024-01-03,13,Addition,Per two front data commercial sure use.
411,665,1255,2024-01-01,5,Addition,Stand base human.
412,419,869,2024-01-30,16,Addition,Writer conference though hope say even range.
413,266,637,2024-05-06,4,Addition,Prove treat either focus news east media.
414,454,1142,2024-02-18,1,Removal,Market material hear summer.
415,667,432,2024-02-22,1,Addition,Respond follow painting quality.
416,34,801,2024-03-14,14,Addition,Former score among generation paper might still really.
417,911,1115,2024-04-15,15,Addition,Policy manager close while almost.
418,1273,756,2024-05-13,2,Removal,National at thing today.
419,638,765,2024-04-15,1,Addition,Someone traditional father mention card today half.
420,235,554,2024-05-10,2,Removal,Bring crime agent wear thank.
421,748,208,2024-02-28,14,Addition,Coach cost if play within hear.
422,412,1103,2024-02-03,2,Removal,Capital sister indicate fact exactly.
423,870,88,2024-02-08,6,Addition,Myself possible focus.
424,774,517,2024-04-26,1,Removal,Front doctor protect administration.
425,943,591,2024-04-06,1,Addition,Summer see so itself.
426,913,290,2024-01-29,4,Addition,Next indeed economic miss.
427,399,926,2024-03-03,8,Addition,Ready town air understand set enter.
428,249,1167,2024-01-08,8,Removal,Know design shoulder wish start likely responsibility.
429,296,178,2024-03-11,19,Addition,Bad look pick hair case sit state control.
430,218,1026,2024-04-08,13,Removal,Concern opportunity look.
431,1240,877,2024-02-20,20,Addition,Rich dog approach you response though.
432,157,997,2024-01-29,2,Addition,Direction support voice end share.
433,634,1185,2024-04-29,1,Removal,Manager eat us cold year oil agency.
434,422,1048,2024-02-23,7,Removal,On whatever material then cold main.
435,901,1153,2024-02-11,1,Addition,Minute exist cell.
436,767,887,2024-02-02,4,Addition,Our same similar include lot country ball.
437,295,165,2024-05-06,9,Removal,Phone market could news.
438,1283,61,2024-05-19,17,Removal,Alone throughout long.
439,1096,134,2024-04-30,4,Removal,Later design hold poor simply these throughout.
440,778,736,2024-05-09,15,Removal,Benefit huge fine trip line.
441,283,753,2024-02-03,2,Addition,Poor once bring seem.
442,1148,35,2024-01-29,15,Addition,Enter since do risk.
443,696,182,2024-04-15,13,Removal,Although by could usually decision debate treat wait.
444,1220,225,2024-01-22,19,Removal,Start size bank perhaps prevent consider.
445,275,1073,2024-05-05,11,Addition,Explain environmental war try.
446,23,895,2024-05-22,16,Addition,Food mean reach coach.
447,777,256,2024-01-11,17,Addition,Task major option rich music.
448,1193,669,2024-01-14,19,Addition,Charge structure off store oil already condition.
449,146,1215,2024-03-13,9,Addition,Stop I will.
450,424,593,2024-03-24,11,Addition,Financial effect kitchen against affect decide.
451,981,1087,2024-01-08,19,Addition,Door market interview yes quite any.
452,719,930,2024-03-09,10,Removal,Wife budget gun attorney get agent on.
453,813,27,2024-02-18,12,Removal,Five meet into garden simply view yourself.
454,710,40,2024-04-24,15,Addition,Never city rock security trial Democrat reality career.
455,1081,176,2024-01-25,13,Removal,Push glass nice.
456,1153,60,2024-03-23,19,Addition,Including that attorney whatever even fish.
457,243,15,2024-04-05,3,Removal,Control degree what.
458,642,1056,2024-01-10,13,Addition,Turn it continue senior same.
459,171,1251,2024-01-11,14,Addition,Sea certainly bad at road look.
460,205,609,2024-02-22,8,Removal,Word project gas gun lawyer American there.
461,402,407,2024-01-24,2,Addition,Theory play good chance.
462,896,74,2024-04-14,10,Removal,Save interest few success hour including top.
463,12,618,2024-01-08,7,Removal,Decade treat effect color despite.
464,527,1087,2024-05-18,10,Addition,Up capital under talk.
465,473,1104,2024-02-26,16,Addition,Environmental computer say among try.
466,929,42,2024-02-17,8,Addition,Would debate break man contain plant.
467,824,603,2024-03-05,15,Removal,Measure produce rise east.
468,1054,122,2024-02-06,19,Addition,Animal night onto into end.
469,377,139,2024-05-22,4,Addition,Detail office first plan instead.
470,877,609,2024-01-22,16,Removal,She modern property tonight cut build.
471,1188,337,2024-01-19,17,Addition,Because late else head current add season.
472,975,529,2024-03-09,4,Removal,Suffer gas conference care general size space.
473,970,806,2024-02-02,12,Addition,Itself future until interest.
474,192,1269,2024-03-21,18,Removal,Wife front red cultural build.
475,1159,365,2024-02-22,12,Removal,Serve marriage same agreement every case alone have.
476,604,662,2024-05-16,1,Addition,Forward charge million concern.
477,246,360,2024-01-19,15,Addition,Wall ability size.
478,434,887,2024-01-04,4,Addition,About race last company.
479,1204,1099,2024-01-19,14,Addition,Why public add together huge expert quite coach.
480,141,780,2024-04-14,2,Removal,Actually now recent toward value worker court.
481,18,811,2024-05-09,8,Removal,Pick main ready defense discuss else artist.
482,741,525,2024-01-11,1,Removal,Easy plan training approach suddenly long.
483,422,361,2024-02-20,8,Removal,Have defense imagine than south for story.
484,1237,1145,2024-04-06,8,Addition,Lose others environmental indicate field.
485,34,589,2024-01-17,9,Addition,Above decade room.
486,529,153,2024-02-18,16,Addition,Born edge meeting point admit thousand operation.
487,135,1105,2024-01-27,13,Removal,Gas black team respond.
488,477,1169,2024-04-04,9,Removal,Great accept success sometimes leave let.
489,66,126,2024-04-03,5,Removal,Arrive or cultural serious.
490,597,277,2024-05-21,9,Addition,Weight already particularly agree situation leader under.
491,93,346,2024-03-09,14,Removal,Recent view nation size hope high.
492,527,756,2024-02-02,1,Addition,Religious report my day degree school land.
493,635,808,2024-01-24,12,Addition,Interesting house especially generation business receive.
494,1155,305,2024-01-16,16,Addition,Police state back from option system include have.
495,1157,835,2024-04-23,13,Removal,Audience a artist her role author.
496,606,806,2024-04-04,9,Addition,Write tend area government officer pretty.
497,339,108,2024-01-13,4,Addition,Why ok drug project.
498,919,399,2024-05-19,13,Addition,Business page financial point.
499,186,786,2024-01-30,10,Addition,Someone can whether.
500,249,52,2024-04-16,3,Addition,About put produce true south.
501,1155,190,2024-02-03,1,Removal,Congress moment drive.
502,1012,378,2024-04-11,16,Removal,Ok type buy return today five.
503,10,933,2024-02-14,14,Addition,Reflect identify house table create day particularly young.
504,1214,1277,2024-04-30,17,Addition,Itself space discussion fight how today.
505,1166,419,2024-02-23,1,Addition,Republican just yourself floor number effort ground little.
506,5,934,2024-05-06,14,Removal,Fast system situation reach summer.
507,4,258,2024-04-02,19,Removal,Will style field draw scene share.
508,915,1080,2024-02-05,6,Addition,Also meet explain source.
509,130,489,2024-03-08,18,Removal,Election ahead action company read.
510,152,1121,2024-01-01,4,Addition,Order growth member bring position from guy.
511,262,361,2024-04-30,19,Removal,Build able value help development central likely.
512,717,1046,2024-03-14,20,Removal,Door difference section never official open.
513,1173,771,2024-04-19,3,Addition,Deal century where start car.
514,764,677,2024-01-08,19,Addition,Prove line month participant.
515,172,609,2024-04-19,19,Addition,Beat another set a according crime letter.
516,53,1289,2024-02-17,15,Addition,Nice national determine responsibility dog.
517,592,837,2024-02-21,20,Addition,Lose fire study executive miss north source.
518,813,214,2024-01-19,10,Addition,Dinner report word pass finally the.
519,870,559,2024-05-12,11,Removal,Name send than stay where establish.
520,369,886,2024-01-31,12,Removal,Claim traditional goal forget three wife tax year.
521,36,100,2024-01-03,11,Removal,Hour should situation everything open.
522,459,950,2024-05-04,15,Addition,Involve down decide coach yard ago.
523,1103,130,2024-04-15,16,Addition,Another music worker strong effect move.
524,143,474,2024-02-29,6,Addition,Action top lawyer yard police tonight.
525,213,790,2024-01-01,5,Removal,Leave account keep plan coach off growth.
526,13,1176,2024-03-14,12,Removal,Eye choice feeling bag follow.
527,967,1279,2024-01-13,20,Addition,Before movie trouble quickly check build save.
528,1144,961,2024-01-17,19,Removal,Produce evening worry save.
529,483,1154,2024-04-08,3,Addition,Next weight finally education.
530,432,978,2024-02-25,13,Removal,Force music actually his sound light seven start.
531,1034,1170,2024-05-23,8,Addition,Born remain tax office mother quality country.
532,1295,1085,2024-05-04,18,Removal,Individual often true grow wrong box television.
533,1173,734,2024-03-04,17,Removal,Stay town visit significant leave ask.
534,350,854,2024-02-22,10,Addition,Movie that impact lose ball sea business.
535,1106,1039,2024-02-10,1,Addition,Marriage million place main party experience.
536,16,787,2024-05-06,15,Addition,Method subject boy baby cell.
537,460,534,2024-02-29,6,Addition,Offer notice child decide voice stuff degree.
538,96,960,2024-02-11,15,Removal,Oil serious choice like nice design.
539,553,1052,2024-05-14,1,Removal,After forget plan where fund season also claim.
540,369,1104,2024-01-06,3,Addition,Sport have sense.
541,262,464,2024-02-03,4,Removal,Gas situation note world process including.
542,962,177,2024-04-08,6,Removal,Rest ago cell million pay ago.
543,1235,1106,2024-05-17,1,Addition,Dinner huge term machine.
544,45,179,2024-01-22,9,Removal,Government cause sound maybe.
545,433,45,2024-01-20,10,Addition,College agree read idea live simply land.
546,12,862,2024-04-24,1,Removal,People give yes claim half crime outside.
547,1046,989,2024-03-26,15,Removal,Produce kind common property sort need.
548,169,512,2024-03-18,17,Removal,Media total word lay class price.
549,274,419,2024-05-19,2,Removal,Face various south some.
550,842,1160,2024-04-18,12,Removal,Country push grow continue game commercial.
551,379,783,2024-05-12,5,Removal,While the travel against.
552,741,1061,2024-02-05,5,Removal,Beautiful stop center key guess pick billion.
553,293,1274,2024-05-17,5,Addition,Special back mother make scientist perhaps hospital.
554,865,186,2024-05-08,16,Addition,Read right response.
555,958,887,2024-03-18,20,Removal,Around skin important country interest shake lot.
556,277,610,2024-02-29,20,Addition,Feel where mention exactly interest instead.
557,141,1277,2024-04-18,11,Removal,Central government military fall.
558,1220,92,2024-01-19,15,Removal,Wife computer goal sign learn.
559,1055,26,2024-03-11,9,Addition,Interesting three health available on continue.
560,1283,134,2024-04-14,11,Removal,Water cup study enjoy knowledge chair.
561,907,264,2024-05-20,18,Removal,Choice red fine authority response hope.
562,737,782,2024-03-26,4,Removal,Church important media throw.
563,1266,181,2024-03-24,3,Removal,Some we agree tonight my meet.
564,494,1062,2024-03-05,20,Removal,Success serious respond.
565,12,376,2024-03-22,4,Removal,Others business discuss body course.
566,771,535,2024-05-02,3,Removal,Attack us run day than capital clear.
567,391,252,2024-04-07,4,Removal,My his question hospital data assume.
568,137,874,2024-01-26,12,Addition,Study ever save different everybody.
569,347,1078,2024-03-31,10,Removal,Model interesting himself example toward.
570,1127,1150,2024-04-28,16,Addition,Fire north attack born movie democratic interesting within.
571,255,801,2024-01-23,1,Removal,Contain apply hour without.
572,496,1239,2024-02-06,11,Removal,Up everyone you history image about.
573,885,82,2024-04-11,14,Addition,Serve land marriage soldier put.
574,79,1008,2024-03-19,18,Addition,Hot understand concern boy.
575,653,1244,2024-03-24,11,Removal,Fly experience long personal.
576,1281,47,2024-03-31,8,Removal,We receive thought.
577,228,1211,2024-04-05,3,Addition,Young also book full first.
578,1169,1284,2024-04-24,19,Addition,Often usually practice Republican society possible.
579,344,754,2024-02-24,8,Addition,Wonder force themselves.
580,587,742,2024-05-18,3,Removal,Year everybody standard voice must stock.
581,990,253,2024-02-01,3,Addition,Show show speak girl son position skill west.
582,499,752,2024-03-06,4,Addition,Low be very population quite.
583,526,682,2024-02-26,9,Addition,Near create could compare garden southern.
584,11,588,2024-03-23,11,Addition,Require song Democrat particularly.
585,369,561,2024-02-22,8,Removal,Base stop trouble oil power discover.
586,941,907,2024-02-09,13,Addition,Animal reduce body economy sort lawyer possible hear.
587,1210,744,2024-01-25,8,Removal,Rate out challenge I interest effect group but.
588,36,106,2024-04-23,18,Removal,Board indicate enough deal oil rich every.
589,1143,117,2024-02-05,11,Removal,International tend trip head support detail difference.
590,96,385,2024-04-17,10,Removal,Challenge not little kind remain.
591,786,818,2024-04-15,8,Addition,Use follow us.
592,217,796,2024-05-10,18,Addition,Mouth camera effort and doctor only.
593,1173,256,2024-01-01,14,Removal,Happen nation call explain.
594,1019,1105,2024-01-12,18,Addition,Very door wide character.
595,102,356,2024-01-04,4,Addition,Material almost push bed language.
596,697,64,2024-05-13,10,Addition,Lay able use read certain should physical.
597,1051,1242,2024-02-02,15,Addition,Lead line much assume and cultural white.
598,26,708,2024-04-08,9,Removal,Dinner enjoy minute strong music seek people.
599,810,1162,2024-02-04,3,Addition,Particular imagine article money fast.
600,89,357,2024-01-21,12,Addition,Alone executive fear coach doctor likely particular.
601,439,44,2024-01-02,5,Addition,Cold share mouth visit thousand seven it sit.
602,166,181,2024-02-24,16,Removal,Executive southern focus Republican.
603,1029,548,2024-02-14,4,Removal,Expert always financial job method view community.
604,1174,1142,2024-03-02,11,Addition,Miss personal minute reveal move various.
605,1187,1229,2024-02-09,2,Removal,Skin science reflect operation third.
606,1152,755,2024-03-14,11,Removal,Prevent land yeah dark street expect why.
607,309,85,2024-03-15,1,Addition,Responsibility shoulder ahead east.
608,938,881,2024-03-11,17,Removal,Idea again assume some let.
609,65,838,2024-05-26,17,Addition,Because citizen peace same have figure.
610,420,875,2024-03-22,17,Removal,Phone star beyond see nor.
611,1245,1055,2024-03-19,7,Removal,Cover life party dinner officer.
612,417,1069,2024-04-12,8,Removal,Save blood investment own.
613,81,717,2024-02-01,16,Addition,Effort year really interview join available.
614,930,1210,2024-01-09,9,Addition,Policy world item audience dog.
615,1109,1262,2024-04-21,20,Addition,Base president popular research.
616,544,547,2024-01-21,3,Addition,Without team person include teach economy guess.
617,158,1298,2024-02-26,12,Removal,Pass attention natural her which.
618,85,887,2024-03-09,20,Addition,Throughout according red per.
619,1058,974,2024-01-01,1,Removal,Western thus though wait camera.
620,1281,433,2024-03-29,8,Addition,Writer type window happen.
621,248,102,2024-01-10,2,Removal,Require strong open medical record who nearly.
622,621,208,2024-03-01,19,Addition,All arrive range common again.
623,1091,458,2024-02-25,13,Addition,Anyone social simply these down make.
624,520,1045,2024-05-07,6,Removal,Positive necessary meeting pass measure kind central.
625,443,532,2024-01-24,15,Removal,Policy relate rest group with.
626,1247,150,2024-05-19,19,Addition,Play theory child past want.
627,981,1088,2024-02-16,9,Removal,Prevent concern toward day.
628,1139,268,2024-01-20,12,Addition,Area friend yet money.
629,693,1256,2024-02-21,16,Addition,Sister mouth citizen reach see break.
630,1092,377,2024-01-21,17,Addition,Another ok recently so unit maintain.
631,841,170,2024-04-27,5,Removal,Provide safe strategy or paper.
632,788,949,2024-05-12,5,Removal,Field camera particular expect.
633,391,261,2024-03-07,12,Removal,Smile listen score wonder kid grow.
634,995,506,2024-05-15,18,Removal,Treatment gas difference star since painting.
635,597,885,2024-02-24,17,Removal,Off professor stand field me owner sit.
636,1029,153,2024-01-14,8,Addition,According important drug.
637,1138,396,2024-04-09,8,Removal,Only final story.
638,187,956,2024-05-06,3,Removal,Order place Congress others great.
639,174,233,2024-05-14,13,Addition,Car adult occur leave main particularly discuss.
640,685,334,2024-05-08,1,Addition,Team food wait collection.
641,587,1141,2024-05-12,16,Removal,Design reflect protect few ago everyone.
642,562,622,2024-03-03,5,Removal,Ten within area rise example choose north.
643,660,571,2024-01-05,20,Addition,Theory meet opportunity clear prepare material.
644,740,482,2024-04-19,16,Addition,Significant near make though skin offer.
645,483,1079,2024-05-26,20,Addition,Become firm sort clearly agent star development.
646,1248,6,2024-05-16,5,Removal,Bar close full star.
647,1198,657,2024-05-11,5,Removal,Sister agree yes far.
648,1208,1202,2024-03-27,12,Addition,Republican appear various hotel process.
649,383,307,2024-03-09,19,Removal,Commercial which while so report old could.
650,1095,23,2024-05-04,4,Removal,Five manager front.
651,976,722,2024-02-16,8,Removal,Very couple rise.
652,162,1207,2024-05-17,9,Addition,Claim face might so moment include will.
653,1200,514,2024-04-04,14,Addition,Bag PM reality one clearly television.
654,845,235,2024-02-04,7,Addition,Bag standard hit beyond.
655,261,1201,2024-05-16,1,Removal,Star thing seven must toward water enough.
656,739,1000,2024-05-13,17,Removal,Report bad team.
657,855,714,2024-03-21,19,Removal,Raise system take treat the training my.
658,319,658,2024-02-19,13,Addition,Hundred worry ahead scene.
659,1193,834,2024-02-11,14,Removal,All heart even station local lay expect.
660,1284,1186,2024-02-10,20,Addition,Notice few such employee rest others three.
661,818,668,2024-03-19,3,Addition,Interesting discuss security.
662,148,983,2024-03-10,18,Addition,Threat simple ground lot teach.
663,616,493,2024-03-09,10,Removal,Agency industry federal structure form policy.
664,7,1254,2024-03-28,8,Removal,Get type single market.
665,826,838,2024-01-01,19,Removal,Drop trade store radio measure produce turn opportunity.
666,336,1083,2024-04-17,14,Addition,Training western fact like yard.
667,1280,922,2024-02-27,10,Removal,Others door window southern.
668,878,390,2024-02-02,11,Removal,Grow information scene event.
669,583,511,2024-01-21,13,Addition,Truth past research gas.
670,66,270,2024-03-03,1,Addition,When painting year professional life wife smile.
671,717,935,2024-03-22,4,Addition,Place policy but father nothing direction something.
672,614,57,2024-05-20,18,Addition,Pattern different box.
673,1092,1080,2024-03-29,1,Removal,Whether shoulder much nothing end could.
674,470,646,2024-01-04,19,Removal,Make speech pull few.
675,1277,982,2024-03-16,13,Addition,Argue standard within nearly.
676,251,684,2024-05-04,17,Addition,Enter little above.
677,801,795,2024-02-12,6,Addition,Economic officer expect technology drive store.
678,1156,1206,2024-04-27,20,Addition,Important program even age entire.
679,119,979,2024-04-01,11,Addition,Deal likely movement suffer nearly once.
680,912,547,2024-02-29,12,Removal,Choose general reality often throw professor.
681,863,1295,2024-05-20,7,Addition,General training the guess cell show good.
682,96,541,2024-03-25,5,Removal,Team thus morning meeting box room less.
683,399,890,2024-03-05,8,Addition,Interesting remember management end behavior our.
684,1232,67,2024-03-07,12,Removal,Eye beat tend necessary per.
685,1010,476,2024-01-05,17,Removal,Cover quickly trip all.
686,815,1268,2024-04-22,17,Removal,Lot those after behavior difficult unit without.
687,657,411,2024-03-31,12,Addition,American activity outside American.
688,403,1157,2024-05-21,6,Addition,Information day will own value effect.
689,1186,365,2024-03-03,13,Removal,Property end article country.
690,598,220,2024-03-11,16,Addition,Leave play property whom its large organization.
691,728,1208,2024-05-06,13,Addition,History somebody better rise star especially role.
692,302,58,2024-01-12,7,Addition,None area think want should according present analysis.
693,214,254,2024-05-17,12,Addition,Nearly girl through cause describe.
694,644,960,2024-04-12,16,Addition,Win attack against street fall.
695,223,357,2024-01-02,5,Removal,Bank style lose save man spring.
696,1108,1155,2024-01-27,14,Removal,Everybody stop require.
697,1012,736,2024-03-01,20,Addition,Chair suffer authority within purpose seven account.
698,934,1121,2024-01-11,14,Addition,Fill appear cut together opportunity where already.
699,437,678,2024-01-15,14,Addition,Fight we ready life military.
700,322,175,2024-04-05,9,Removal,Morning watch trial provide quality.
701,1236,206,2024-03-29,5,Addition,Analysis director parent after share write.
702,346,892,2024-04-27,17,Removal,Eat him manager because action response lot.
703,212,421,2024-03-01,4,Addition,View heavy reach crime office.
704,624,826,2024-02-03,12,Removal,National agent talk back in nothing.
705,647,1152,2024-05-23,1,Addition,Bag lot significant paper.
706,1034,933,2024-05-10,17,Removal,Near big age give.
707,1008,77,2024-03-19,16,Addition,Son government ball much home conference fine.
708,137,771,2024-01-21,6,Removal,Once allow number upon.
709,782,696,2024-02-17,6,Removal,Control expect suddenly week picture.
710,799,452,2024-05-17,17,Removal,Customer message good vote year exactly.
711,803,265,2024-02-04,10,Addition,Line pull study win so line section change.
712,700,155,2024-05-10,9,Addition,Daughter per person center.
713,49,1295,2024-04-05,8,Addition,Physical final sell face Mr.
714,182,999,2024-04-06,2,Removal,Daughter phone people foreign father point.
715,1254,525,2024-02-20,5,Addition,Relationship difference necessary.
716,434,312,2024-04-10,19,Addition,Over radio memory popular along.
717,764,350,2024-05-06,14,Addition,Agreement car particular skin summer likely become.
718,509,1258,2024-05-20,10,Addition,Southern as moment speech deal anyone.
719,18,178,2024-03-03,14,Removal,Prepare son cold you common something.
720,821,182,2024-04-24,20,Addition,Nature seek they.
721,1066,1246,2024-04-25,5,Removal,Few weight off especially.
722,471,855,2024-05-06,1,Removal,Floor become price put.
723,604,470,2024-02-27,6,Removal,Center me item open machine concern.
724,205,228,2024-04-05,4,Addition,Thought remain forget thank many in.
725,188,930,2024-04-24,19,Addition,Big relate education option support avoid agreement girl.
726,618,699,2024-01-09,12,Addition,Near set get energy several red purpose.
727,616,1059,2024-04-23,18,Removal,However face range with evening it tell gun.
728,174,740,2024-04-06,8,Removal,Service budget machine course.
729,250,13,2024-05-19,9,Removal,Participant between beautiful cup.
730,779,1096,2024-03-25,17,Removal,Quite ready computer offer decide.
731,1262,546,2024-04-21,8,Addition,Deep agree thousand.
732,150,458,2024-04-08,3,Addition,Television usually man else or board its.
733,250,1173,2024-03-12,17,Removal,Mrs learn region impact while protect technology.
734,558,719,2024-02-19,4,Addition,Ever important local represent crime.
735,806,528,2024-04-24,4,Addition,Low seat future information.
736,1275,1207,2024-02-18,8,Addition,Before compare course address.
737,350,319,2024-02-29,2,Removal,My room election station.
738,623,397,2024-01-01,16,Addition,Child whose loss picture season.
739,765,413,2024-02-26,19,Addition,Wind help learn right walk day man.
740,267,428,2024-03-08,16,Removal,Dinner risk election art western thus.
741,741,969,2024-01-04,2,Removal,Manage coach worry tend record.
742,1251,310,2024-05-26,1,Addition,Strategy most voice first physical.
743,1083,376,2024-04-30,4,Addition,Simply fear fine trial ready.
744,1086,7,2024-04-14,20,Removal,Traditional score book near cover thousand maybe.
745,535,889,2024-04-03,9,Addition,She top a animal prevent.
746,131,1214,2024-03-21,20,Removal,Think partner study cut.
747,247,549,2024-04-12,11,Removal,Blood difficult and hand environmental sort ball.
748,1262,230,2024-04-15,1,Addition,Any candidate involve remember item shake simply.
749,809,1047,2024-02-25,12,Removal,Past before increase no like sometimes every.
750,1118,1010,2024-01-07,19,Removal,Them safe risk street letter.
751,493,1253,2024-05-24,12,Removal,Begin difference all hear recognize result.
752,150,613,2024-03-15,12,Addition,Wonder look main describe stand onto word.
753,699,254,2024-03-30,20,Removal,Opportunity few group nor seem movie.
754,1033,1081,2024-05-04,5,Addition,Control throw fear measure among.
755,407,1256,2024-04-10,3,Addition,Rest alone white south reduce central but we.
756,1185,1100,2024-05-18,8,Removal,Imagine only degree region western.
757,348,822,2024-01-28,13,Addition,Recognize sometimes they officer building.
758,1088,817,2024-01-05,13,Removal,Cover state still behind score window itself.
759,136,339,2024-03-31,19,Removal,To my crime because hospital.
760,56,220,2024-01-25,2,Removal,Shoulder coach international.
761,881,172,2024-04-10,5,Addition,Top fight miss practice federal.
762,471,1190,2024-04-09,11,Removal,Behavior enjoy population information of.
763,675,644,2024-01-06,7,Removal,Market hour design.
764,64,884,2024-05-08,10,Addition,Power course buy simple within.
765,535,797,2024-01-17,15,Addition,Visit score through finish win cost.
766,1268,896,2024-04-22,20,Removal,Bill close upon.
767,144,979,2024-01-04,17,Addition,You station central nor or move design television.
768,448,1246,2024-03-20,3,Addition,Cultural plan decision.
769,388,828,2024-02-09,1,Addition,Possible current training risk.
770,67,739,2024-04-12,8,Addition,Challenge reveal say light see key girl.
771,372,373,2024-01-23,4,Removal,Movie focus result cell center.
772,207,1292,2024-04-03,18,Addition,Join bar miss as turn.
773,62,29,2024-02-12,11,Removal,Wish able speak apply total executive piece choose.
774,1280,989,2024-04-28,15,Addition,Blue force same huge.
775,537,71,2024-02-28,1,Addition,Read bag fish close.
776,229,618,2024-02-14,4,Removal,Thing people be chance avoid among particularly although.
777,793,383,2024-01-12,8,Removal,Moment sense at really writer happy.
778,1181,206,2024-02-10,11,Removal,Sense subject prepare everything kitchen cultural.
779,666,346,2024-04-29,18,Addition,Sure thus top owner mouth box public.
780,758,52,2024-01-13,18,Addition,Doctor manager painting town reason field some.
781,1077,233,2024-05-13,1,Removal,Receive guess instead person those.
782,298,937,2024-02-13,12,Addition,All this writer more technology.
783,1216,502,2024-03-20,10,Removal,Successful along impact born.
784,323,899,2024-05-14,1,Removal,Majority learn paper available class paper.
785,253,508,2024-01-18,16,Removal,Possible believe door across.
786,609,796,2024-05-04,9,Removal,Rich space government benefit environment.
787,845,543,2024-03-03,15,Addition,Interesting the short fire campaign.
788,246,30,2024-01-01,5,Addition,Despite little poor often price.
789,1088,401,2024-04-05,20,Removal,Point cold indicate.
790,641,488,2024-04-18,15,Removal,Meeting machine wind account source avoid.
791,487,1206,2024-01-03,8,Removal,Feeling increase degree.
792,1007,702,2024-02-14,17,Addition,Position security actually imagine.
793,354,224,2024-01-03,7,Removal,Stop cultural when compare practice hand.
794,1003,471,2024-03-24,17,Removal,Young view will bar audience both technology.
795,563,888,2024-03-04,9,Removal,Ask realize TV without.
796,216,1271,2024-01-17,1,Addition,Attorney worry skill husband tonight.
797,574,724,2024-01-11,4,Addition,Specific government main be us similar theory.
798,1052,857,2024-03-11,5,Addition,Seven myself free.
799,215,849,2024-02-19,20,Removal,Sea stuff white court response wonder herself.
800,1055,1111,2024-01-27,18,Addition,Health decision firm under fish.
801,801,1063,2024-05-25,14,Addition,Discover single beyond under agreement majority official.
802,263,841,2024-03-08,17,Removal,Budget weight note idea both such couple.
803,392,820,2024-05-24,10,Removal,Speech data behind or sign.
804,574,884,2024-05-20,6,Addition,Improve very painting.
805,397,1085,2024-02-15,13,Addition,Reflect project become out social.
806,1093,867,2024-05-03,3,Removal,Establish poor while.
807,674,898,2024-01-06,16,Addition,Decision indeed music.
808,1209,603,2024-05-26,18,Removal,Though marriage second.
809,1153,247,2024-05-23,8,Addition,Himself when alone laugh.
810,106,1220,2024-04-05,17,Removal,Three car could change term.
811,957,338,2024-05-04,19,Removal,Above police relate generation join red along world.
812,137,667,2024-01-30,13,Addition,Believe market religious read hour into.
813,427,150,2024-01-01,15,Removal,Option international various.
814,619,893,2024-04-14,20,Addition,Number whom theory perform physical for economy only.
815,316,961,2024-03-08,20,Addition,Debate bag middle same.
816,1187,1003,2024-04-07,10,Removal,Learn memory main pattern place.
817,908,928,2024-01-25,20,Removal,Down trip part else.
818,895,324,2024-03-13,16,Removal,Drop trade front produce use.
819,348,667,2024-05-22,8,Removal,Budget citizen finish woman pull fight.
820,377,308,2024-01-03,17,Removal,Care nor after.
821,1140,583,2024-05-05,15,Removal,Require seek area task enjoy establish appear.
822,317,156,2024-04-24,18,Addition,Year charge key everything.
823,1274,489,2024-03-23,17,Removal,Not none case somebody social game night.
824,745,1073,2024-03-27,15,Removal,Side final region.
825,1287,448,2024-01-16,6,Removal,Write quite gun scene.
826,201,748,2024-05-02,20,Addition,See able gas take money yeah.
827,645,318,2024-01-22,4,Addition,Collection management red late.
828,303,669,2024-04-04,3,Removal,Chair threat science.
829,641,307,2024-04-18,7,Removal,Skill current town add decision model.
830,1281,813,2024-04-26,3,Addition,Policy same down wear expect.
831,176,814,2024-03-07,7,Removal,Tree blood check usually chair identify.
832,565,943,2024-02-04,4,Removal,Card step source senior whether which now rule.
833,704,371,2024-03-17,12,Addition,Often send bad sister.
834,203,307,2024-04-22,2,Addition,Side air sign majority tell.
835,1163,1260,2024-05-09,8,Removal,Chance author debate student news it.
836,199,39,2024-04-10,8,Addition,Audience wonder tax.
837,32,666,2024-01-24,7,Removal,Summer husband by he.
838,339,611,2024-04-04,11,Addition,West professional you arrive already past side.
839,843,1057,2024-02-26,5,Addition,Member order development compare word race production.
840,494,1078,2024-04-29,19,Addition,Baby really them shake practice young fear.
841,585,289,2024-04-23,9,Removal,Road rise police relationship relate.
842,1153,68,2024-05-12,3,Addition,Too bad knowledge quickly check.
843,1230,1193,2024-02-21,20,Removal,Small pass finally worker research respond from down.
844,1209,304,2024-02-06,8,Addition,Car middle sometimes everyone degree eat world.
845,678,442,2024-04-15,2,Removal,Most simple protect board control exactly.
846,871,1271,2024-03-18,7,Removal,Animal hot perform around defense pretty.
847,339,363,2024-05-20,17,Addition,Citizen today report throw PM church.
848,996,973,2024-05-06,2,Addition,Entire carry two PM building edge military future.
849,1192,747,2024-03-09,19,Addition,Respond level serve lawyer.
850,1089,23,2024-04-14,8,Addition,Because hospital sing should current.
851,45,302,2024-03-09,1,Removal,Treat bring only discover.
852,832,1054,2024-04-11,5,Removal,Soldier loss employee.
853,852,219,2024-01-23,18,Removal,Relate cause guy mention raise miss bring.
854,1191,609,2024-01-20,11,Addition,Probably well let answer condition.
855,247,850,2024-03-31,1,Removal,Concern herself sit walk actually.
856,1190,649,2024-05-14,6,Removal,Make young board list writer company.
857,632,894,2024-04-16,6,Addition,Power simply commercial small energy try.
858,992,269,2024-02-12,2,Addition,Where east everything somebody theory under perhaps something.
859,601,433,2024-01-30,15,Addition,Simple pressure yard later herself.
860,879,1249,2024-03-27,13,Addition,To call true lose already.
861,514,290,2024-02-23,16,Removal,About prepare about four different mind religious president.
862,141,445,2024-02-12,19,Addition,Important north tonight join manage table movement politics.
863,961,202,2024-03-12,14,Removal,Area let college.
864,640,179,2024-01-08,6,Removal,Whether loss professional force.
865,540,1021,2024-01-14,19,Addition,Either office set red.
866,616,543,2024-01-08,1,Addition,Give citizen series tree general.
867,734,901,2024-01-03,11,Addition,Change turn company medical perhaps can simple or.
868,723,844,2024-01-29,15,Addition,Term fear example actually.
869,767,38,2024-02-01,10,Removal,Itself win truth.
870,472,846,2024-01-13,10,Addition,Want father group machine.
871,775,1128,2024-02-11,14,Removal,Federal go tonight prevent expect issue.
872,226,579,2024-02-26,16,Removal,Give middle there friend better.
873,1023,142,2024-02-17,7,Removal,Across quite task short character special.
874,440,24,2024-01-31,15,Addition,Road media experience suddenly number various.
875,807,210,2024-01-03,5,Removal,Economy difficult never race most catch organization everybody.
876,140,1186,2024-01-04,13,Addition,Name politics product day require health notice.
877,1026,73,2024-02-12,4,Addition,Serve end administration democratic there.
878,678,266,2024-04-05,7,Addition,About read already western friend term everyone.
879,320,270,2024-03-27,1,Addition,Start report me theory support.
880,358,472,2024-04-08,14,Addition,Husband middle play model social race.
881,610,710,2024-05-21,17,Addition,Raise treatment learn modern international across.
882,1299,847,2024-02-11,17,Addition,Time social right trouble.
883,641,1156,2024-02-19,5,Addition,Just section eight either total.
884,551,304,2024-01-17,1,Removal,Somebody road behind then.
885,243,340,2024-01-04,2,Addition,That government along point wonder.
886,1262,454,2024-02-03,1,Addition,Assume us rule boy camera bed.
887,747,616,2024-05-24,4,Addition,Grow no possible here major tough.
888,405,1160,2024-01-13,2,Addition,Find recent bar red develop cold wonder.
889,308,632,2024-02-17,10,Removal,Analysis hotel responsibility wide probably hand describe.
890,93,969,2024-03-12,8,Removal,Process cultural car computer.
891,1091,620,2024-01-02,10,Addition,Model few begin scene significant control.
892,664,1024,2024-03-11,4,Removal,Industry look live grow southern federal collection decision.
893,221,1036,2024-05-13,1,Removal,Stuff benefit purpose eat few.
894,675,648,2024-03-28,9,Removal,Bank drop buy defense magazine notice something.
895,932,1265,2024-04-14,15,Removal,Follow may not commercial spring perhaps himself.
896,501,430,2024-05-19,11,Addition,Professional young community detail.
897,37,832,2024-04-18,11,Removal,Nice interview month agreement director data.
898,1054,620,2024-01-18,18,Removal,Minute special federal yeah.
899,42,1140,2024-05-15,15,Addition,Congress audience if degree media evidence.
900,138,608,2024-02-20,19,Addition,Mouth religious partner I.
901,552,290,2024-01-16,9,Removal,Home maybe song baby.
902,498,656,2024-02-17,7,Addition,Enough cost question social chance and.
903,909,233,2024-02-12,9,Addition,Performance if population most event decision reach.
904,285,237,2024-02-29,15,Removal,Explain you development American that behavior leader.
905,612,1170,2024-03-01,18,Removal,Catch movement staff century since color itself.
906,1232,1218,2024-05-08,9,Removal,Meet way early style kind foot seven easy.
907,1210,45,2024-02-12,19,Removal,Table same though discover past order.
908,495,949,2024-03-07,4,Removal,Others room involve including.
909,1098,908,2024-03-09,11,Removal,Four set how let present action mouth.
910,690,1298,2024-03-30,7,Removal,Account course cost international bank report agent.
911,1223,970,2024-03-05,8,Removal,Too time course figure watch environmental.
912,708,1205,2024-02-07,10,Addition,Most physical travel explain act just identify consumer.
913,952,588,2024-01-28,9,Addition,Prevent contain when suggest pretty enjoy couple education.
914,1119,1153,2024-02-14,4,Addition,President adult under member condition address.
915,658,1178,2024-05-14,4,Removal,Behavior walk exactly.
916,953,1082,2024-02-20,17,Addition,Paper drug sort town lead.
917,723,607,2024-05-06,15,Addition,Reveal day ahead phone cover.
918,462,86,2024-03-16,5,Addition,Arrive speech wait avoid weight.
919,457,1220,2024-04-09,4,Addition,State serve drop environmental respond.
920,763,841,2024-05-09,12,Addition,Perform what prevent energy hard let.
921,1215,480,2024-03-30,3,Addition,Road clearly case relationship.
922,1005,641,2024-04-07,14,Removal,Writer heart how baby lot.
923,1037,916,2024-01-23,17,Addition,Rich off add understand.
924,802,761,2024-04-30,17,Removal,Good study TV knowledge first character nothing avoid.
925,70,844,2024-04-10,12,Removal,Almost drive yourself sing animal from sing.
926,974,509,2024-05-20,9,Addition,Question car country number admit program film stock.
927,414,1258,2024-05-15,10,Removal,Network onto identify risk.
928,151,363,2024-02-14,20,Addition,Above within growth since.
929,148,190,2024-03-14,2,Removal,Small opportunity catch some.
930,311,387,2024-03-14,4,Removal,Management green of could water.
931,939,369,2024-05-18,17,Removal,Culture event sign next fact.
932,1081,1247,2024-01-01,17,Addition,Tree should already keep option.
933,707,350,2024-04-27,3,Addition,Television want floor specific door.
934,810,1186,2024-05-11,5,Addition,Parent without by make others few.
935,813,182,2024-03-15,15,Addition,Better idea various usually.
936,1205,193,2024-04-10,17,Removal,Share government theory decade pressure understand.
937,186,187,2024-05-11,17,Removal,Finish treat development later end particular management these.
938,296,629,2024-01-03,9,Addition,Detail chance lot since.
939,1274,1007,2024-03-14,1,Removal,Another better begin above.
940,527,94,2024-05-14,9,Addition,Effort base husband today.
941,1063,1045,2024-02-26,9,Addition,Cost performance floor physical more.
942,1141,58,2024-03-22,7,Removal,Cover car these serve political.
943,532,776,2024-01-26,13,Removal,Stay certainly national company.
944,512,568,2024-04-12,5,Addition,Father glass ability indicate it value third.
945,677,941,2024-03-27,10,Addition,Analysis bit experience chance.
946,918,1084,2024-04-24,7,Removal,Strong two staff state.
947,391,964,2024-03-28,9,Removal,Billion issue response she run.
948,126,200,2024-05-23,5,Addition,Network development ready able.
949,501,265,2024-02-25,4,Addition,Price wear significant get result reach.
950,651,1144,2024-01-31,9,Removal,Decision edge majority budget realize clear political.
951,365,925,2024-04-18,17,Removal,Commercial new memory nature worker probably mouth.
952,530,108,2024-01-25,7,Removal,Management nor control law in lawyer.
953,955,536,2024-04-21,9,Addition,Left forget education actually parent past research increase.
954,82,503,2024-05-11,10,Removal,Lead gun minute mention hour per the.
955,10,211,2024-04-06,13,Removal,Like return message.
956,457,1067,2024-04-16,19,Addition,Available strategy reveal film.
957,780,705,2024-01-16,7,Addition,Early teach finish west customer.
958,818,53,2024-03-06,2,Removal,Light tax both someone list need.
959,374,663,2024-01-28,13,Removal,Threat science official dream them happen prevent.
960,757,1106,2024-02-24,1,Removal,Message fast view.
961,791,1300,2024-03-16,3,Removal,Whether employee real future.
962,203,987,2024-05-23,1,Removal,However next break necessary.
963,1265,723,2024-04-15,7,Addition,Item least campaign news.
964,777,320,2024-01-17,17,Removal,Home less career.
965,926,985,2024-01-20,6,Removal,Official might part.
966,196,1158,2024-04-30,5,Addition,Increase perhaps anything rather issue idea according.
967,1064,1055,2024-02-13,20,Removal,Democratic sign word.
968,686,945,2024-01-10,14,Addition,Enough agent early.
969,1193,825,2024-02-03,13,Addition,Scene positive bank week white paper education.
970,1017,822,2024-03-27,15,Addition,Last politics participant meet animal.
971,46,1137,2024-04-17,13,Removal,Simple course kind.
972,327,357,2024-03-14,2,Addition,Center question nearly.
973,695,971,2024-05-08,2,Addition,Example majority international police sign particular.
974,1080,1049,2024-04-07,11,Removal,Manage particularly hour good term recently region.
975,255,132,2024-05-10,5,Addition,Above floor drug land defense expert despite.
976,148,1107,2024-04-08,9,Addition,Thank economy design head occur.
977,656,20,2024-04-23,17,Addition,Issue keep magazine audience world.
978,1292,219,2024-04-04,11,Removal,Prove activity bill hundred officer.
979,576,696,2024-01-13,17,Removal,Order one should want push real course over.
980,331,497,2024-03-29,3,Addition,Also stand risk enjoy.
981,97,444,2024-01-25,18,Removal,Resource exactly beat deep year tough two.
982,970,184,2024-03-05,13,Addition,Candidate machine impact sing military.
983,1196,872,2024-02-19,11,Removal,Medical feel worry.
984,812,101,2024-02-12,10,Removal,Guy traditional especially.
985,560,673,2024-05-19,5,Removal,State how around individual evidence investment.
986,356,157,2024-04-01,14,Addition,Ten usually attack including participant race study.
987,391,767,2024-04-10,12,Addition,Baby yard performance own.
988,1269,106,2024-03-15,8,Removal,Control or nature offer outside though music.
989,790,516,2024-03-18,12,Removal,Give need hundred.
990,886,643,2024-05-09,3,Addition,Value rule federal can evening artist.
991,235,992,2024-04-29,20,Addition,Society real father majority so no most.
992,781,267,2024-04-26,15,Addition,Worry direction morning ready military.
993,1095,1246,2024-05-24,20,Addition,Mrs follow anything father note page.
994,47,1286,2024-05-18,4,Addition,They various guy air.
995,595,515,2024-04-28,8,Removal,Fight old job stand discover year receive inside.
996,899,365,2024-01-27,17,Removal,Television yard job let.
997,223,405,2024-01-27,18,Addition,Eat task four happy worker else.
998,213,922,2024-03-14,11,Removal,Know this still safe police loss save.
999,593,873,2024-04-11,11,Removal,The while bar something light guess.
1000,637,906,2024-04-23,20,Removal,Must difficult measure order.
1001,153,195,2024-05-11,11,Removal,Song catch several turn idea.
1002,96,441,2024-01-01,4,Addition,Hit finish save perform happen resource friend.
1003,125,707,2024-05-20,2,Addition,Treat one why notice day town himself room.
1004,1092,1034,2024-04-01,13,Removal,Process admit pay consumer.
1005,876,314,2024-02-07,10,Addition,Movement across economic commercial wait whether also should.
1006,1018,1224,2024-05-21,16,Removal,Wide position yard risk.
1007,1096,991,2024-05-03,17,Addition,Focus girl image project national mention.
1008,53,724,2024-05-22,7,Addition,Determine when throughout.
1009,26,546,2024-03-03,1,Addition,Benefit short store mission explain.
1010,1049,1001,2024-04-10,14,Addition,Determine will despite understand people plant.
1011,372,38,2024-03-02,9,Removal,Style in hold system now simply.
1012,133,944,2024-04-01,4,Removal,Expert experience particular fire.
1013,192,993,2024-04-12,8,Addition,Hope physical hour half pass face.
1014,337,850,2024-01-29,3,Addition,Age student positive after over.
1015,506,229,2024-04-06,15,Addition,Fall college wish.
1016,1244,256,2024-04-17,16,Removal,Mouth tree music lawyer along discussion.
1017,54,447,2024-03-04,1,Addition,Sport they enjoy show sense purpose determine.
1018,770,627,2024-05-19,3,Addition,Hope west light technology sing culture south.
1019,1164,152,2024-02-23,6,Removal,Book economic hundred per.
1020,1073,556,2024-03-13,1,Addition,Case size material draw minute side.
1021,705,245,2024-05-22,16,Addition,Any explain yourself cup arm history.
1022,586,1090,2024-02-02,17,Removal,Machine beat just pass.
1023,567,174,2024-03-24,12,Removal,Program ten start vote company remain.
1024,1121,1026,2024-05-14,10,Addition,Force student phone step one.
1025,40,127,2024-02-15,14,Removal,Artist first model pattern.
1026,1058,641,2024-03-05,5,Addition,Serious poor allow reveal mouth two.
1027,1127,662,2024-02-23,6,Removal,City economic when stand.
1028,379,201,2024-02-28,5,Addition,Thus growth series likely.
1029,88,464,2024-04-13,5,Removal,Herself right event place certain manage within pass.
1030,706,1027,2024-05-26,3,Addition,Operation market born company approach.
1031,318,75,2024-05-01,15,Addition,Attention class another.
1032,573,562,2024-04-15,18,Removal,Politics of story trade think chance candidate hold.
1033,668,641,2024-01-14,15,Addition,Such compare hard religious ok.
1034,751,400,2024-02-27,5,Addition,Sense sport foreign yard population even heavy different.
1035,10,423,2024-02-13,6,Removal,Son give focus star beat head.
1036,291,620,2024-05-14,4,Removal,She form whether night task travel knowledge.
1037,625,177,2024-02-29,6,Addition,Describe face election Mr technology city.
1038,882,1149,2024-01-27,4,Removal,Outside myself southern against thus above.
1039,1061,1289,2024-05-12,10,Removal,Remain however light carry lot sense ten.
1040,1160,943,2024-05-07,16,Addition,Reflect remember out issue vote purpose whether.
1041,1282,740,2024-04-12,16,Addition,Person project view guy.
1042,353,353,2024-04-11,13,Addition,Watch range thank wide buy.
1043,617,911,2024-02-25,11,Addition,Citizen market student them own base.
1044,467,30,2024-01-24,14,Addition,Southern behavior large south where.
1045,608,375,2024-03-13,4,Addition,Me hot thought wind.
1046,1041,113,2024-01-28,12,Removal,Song away admit herself process.
1047,1076,633,2024-02-12,4,Addition,Whole coach culture phone some wonder.
1048,670,1257,2024-04-14,2,Removal,Represent decision hand social age.
1049,557,1269,2024-04-07,16,Removal,Else left specific scientist.
1050,159,544,2024-01-04,17,Removal,Least admit pressure point party rich.
1051,657,581,2024-02-25,12,Addition,Into plant whatever.
1052,128,551,2024-05-20,16,Addition,Nor send seat foreign.
1053,141,883,2024-05-23,1,Removal,Mr power move necessary career maybe raise.
1054,555,476,2024-04-21,18,Removal,Part people spring join young to.
1055,793,456,2024-04-18,8,Addition,Share note guy of black difference.
1056,497,810,2024-04-17,14,Addition,Bar run whatever allow.
1057,639,1250,2024-03-29,11,Removal,Themselves fine town mind former.
1058,691,702,2024-02-09,7,Addition,Point call follow fear movement.
1059,811,447,2024-01-06,1,Addition,Step smile bill usually quickly might focus.
1060,835,198,2024-03-01,20,Removal,Heart high value themselves theory hundred get.
1061,340,1038,2024-02-29,10,Removal,Sign more contain certainly.
1062,734,736,2024-02-04,12,Addition,The chance team hospital available more as.
1063,309,1080,2024-03-13,18,Addition,Course determine bring.
1064,1230,349,2024-04-22,19,Addition,Cut movie include little.
1065,668,766,2024-03-31,4,Removal,General understand small drop pay space.
1066,820,374,2024-04-29,11,Removal,Senior save foot center capital time half they.
1067,151,11,2024-03-25,13,Addition,Line so occur true stand fly.
1068,57,443,2024-02-15,2,Removal,Main store back.
1069,1053,314,2024-02-04,7,Removal,Writer professional cup three without hard he.
1070,65,497,2024-05-17,11,Removal,Without itself simple white property.
1071,988,936,2024-04-06,18,Addition,Player she deep minute girl.
1072,737,503,2024-04-02,4,Addition,Relationship accept memory kid similar week language reach.
1073,958,619,2024-05-05,5,Removal,Phone believe school.
1074,1288,730,2024-02-12,18,Removal,Get so crime color very.
1075,471,161,2024-01-14,13,Removal,Instead onto there around.
1076,365,299,2024-02-06,19,Removal,Recognize because pay natural into return.
1077,506,464,2024-02-25,20,Removal,Produce nothing just enter agreement raise certainly.
1078,873,815,2024-02-06,6,Addition,It money single trial write result sea.
1079,381,187,2024-05-06,5,Removal,Black training weight cell.
1080,966,867,2024-01-30,17,Removal,Few Democrat only once ready how.
1081,1273,1145,2024-04-06,1,Removal,Information old participant employee according yeah.
1082,980,15,2024-05-12,9,Addition,Head call call.
1083,217,1209,2024-02-03,5,Removal,Medical eight off father only.
1084,837,737,2024-04-28,13,Removal,Prove no very involve hundred cup simply.
1085,213,1180,2024-03-20,6,Addition,Security which various consider again push.
1086,1222,663,2024-01-11,9,Removal,Especially amount need member.
1087,792,468,2024-03-27,16,Removal,Different blood of relate recent huge.
1088,1258,222,2024-01-09,1,Removal,Door year understand build too record ok.
1089,1174,301,2024-03-20,10,Removal,Under color bring apply.
1090,1076,861,2024-01-13,3,Addition,Trade only city study according the most.
1091,664,130,2024-03-28,3,Addition,Stage suddenly certainly eight campaign capital member.
1092,1099,751,2024-03-17,6,Addition,Approach amount country share social else modern.
1093,21,1108,2024-02-11,3,Removal,Under guy develop wonder billion teach not.
1094,814,121,2024-02-02,7,Addition,Suggest support main each approach others.
1095,895,885,2024-01-14,1,Addition,Writer serve early beautiful over.
1096,405,518,2024-01-07,2,Removal,Star really official three cell development.
1097,1228,322,2024-04-24,13,Removal,Gun professor resource operation read.
1098,528,591,2024-02-18,16,Addition,Morning prevent collection though.
1099,258,312,2024-05-17,11,Addition,Look investment level book behind.
1100,792,409,2024-03-07,3,Addition,Trip usually agent see poor avoid anything.
1101,401,72,2024-04-30,15,Addition,Help along beautiful believe energy participant training ago.
1102,1286,1157,2024-01-05,16,Addition,Agreement miss leader sound.
1103,852,566,2024-03-07,19,Removal,Present rate involve west usually question century.
1104,208,128,2024-04-21,9,Removal,Call surface dinner law.
1105,898,545,2024-05-05,16,Addition,Check country nothing.
1106,214,1002,2024-02-25,9,Removal,Argue thought almost mean whom.
1107,414,123,2024-03-03,12,Addition,Tax have student wall recognize would five.
1108,299,291,2024-01-29,18,Removal,Customer quality surface.
1109,730,890,2024-01-24,10,Removal,Call nation fire seven.
1110,254,784,2024-02-14,5,Removal,Less among level risk the.
1111,598,222,2024-03-29,12,Removal,Put word very hour past reveal painting teacher.
1112,259,476,2024-05-20,19,Addition,Recognize it worker everyone suddenly after.
1113,1232,206,2024-01-20,7,Addition,Grow writer picture seat step foot.
1114,788,212,2024-02-03,19,Addition,Cover ball clearly not teach lay these reveal.
1115,1183,530,2024-04-28,9,Removal,Start parent already.
1116,700,390,2024-03-05,3,Addition,Method else everything police again president.
1117,1056,210,2024-03-18,3,Removal,Week skill action under without.
1118,517,407,2024-02-05,9,Removal,Cost whether or summer determine.
1119,1055,669,2024-04-11,2,Removal,Shoulder nor bring bank.
1120,274,1252,2024-01-19,3,Addition,Including one by upon court my.
1121,989,664,2024-01-09,11,Addition,Bring learn generation apply seven.
1122,389,397,2024-04-13,15,Addition,Page Mrs all amount almost week.
1123,1293,646,2024-03-21,17,Removal,Purpose sense key able lay.
1124,586,297,2024-05-13,20,Removal,Mention none contain eat.
1125,163,223,2024-05-10,20,Removal,Available born after general read family daughter.
1126,979,581,2024-05-14,13,Addition,Up local able soldier when.
1127,101,999,2024-02-16,18,Addition,Represent avoid exactly song explain.
1128,91,679,2024-03-30,11,Removal,Receive policy house new enjoy herself.
1129,995,727,2024-05-04,7,Addition,Ground agency walk play share.
1130,78,8,2024-03-01,17,Removal,Which magazine become.
1131,474,699,2024-05-12,8,Addition,Group treatment nation ago.
1132,473,1103,2024-03-08,4,Addition,It recent own management.
1133,536,586,2024-03-28,18,Removal,Treatment smile interesting fire.
1134,200,386,2024-05-04,16,Addition,White former other range by.
1135,600,104,2024-05-25,7,Removal,It game put must executive.
1136,1037,702,2024-05-19,17,Addition,Article again property cup street.
1137,592,864,2024-01-02,14,Removal,Laugh against too figure themselves future effect reduce.
1138,369,750,2024-03-19,4,Addition,Because doctor conference care forget.
1139,258,56,2024-05-19,13,Addition,Writer window amount much well military behind.
1140,640,1127,2024-04-12,20,Removal,A nation culture agreement generation method war.
1141,803,1148,2024-01-31,1,Addition,Difference little detail citizen former discover if last.
1142,807,599,2024-03-19,8,Removal,Bill economic meeting smile sing include any.
1143,579,211,2024-01-15,20,Removal,For difficult take make his.
1144,303,918,2024-01-23,3,Removal,Anyone radio stock oil.
1145,416,918,2024-03-13,20,Removal,Foreign statement population camera own suffer.
1146,977,661,2024-01-08,14,Removal,Miss recognize lot.
1147,194,1253,2024-01-24,13,Removal,Up put opportunity thank series relationship so.
1148,1256,262,2024-01-09,9,Removal,Lawyer decision market station.
1149,1082,1159,2024-02-25,6,Addition,Manager team former.
1150,640,235,2024-05-15,17,Addition,Entire staff rule.
1151,229,157,2024-04-23,9,Removal,Join everything to their.
1152,183,112,2024-04-10,6,Addition,Month policy couple yet.
1153,497,376,2024-04-27,4,Removal,Only fish couple investment serve.
1154,1077,446,2024-03-21,20,Addition,Write education notice statement future party rather.
1155,1228,303,2024-03-23,3,Addition,Plant week today would mouth.
1156,789,1171,2024-02-06,11,Addition,Born part language low.
1157,780,598,2024-04-07,7,Addition,Professional member finish option detail hot Republican.
1158,532,1103,2024-01-22,15,Removal,Until some painting enter stuff issue data.
1159,243,977,2024-01-11,20,Removal,To prove too floor.
1160,180,506,2024-02-25,14,Removal,Five ask eye fish beyond.
1161,819,787,2024-02-14,13,Removal,Outside enough vote.
1162,274,645,2024-02-09,9,Addition,Congress challenge article son the learn PM.
1163,733,55,2024-05-17,10,Addition,Among exactly usually method unit between without.
1164,188,971,2024-01-22,13,Addition,Those artist else great.
1165,374,653,2024-05-21,15,Addition,Risk likely late threat dog road.
1166,472,928,2024-03-05,4,Removal,Short thousand sit discuss real us cost.
1167,859,1276,2024-02-04,4,Addition,Contain professor human plant.
1168,268,530,2024-04-26,6,Addition,Those subject despite house pick meeting.
1169,59,122,2024-05-18,1,Removal,Compare final development be.
1170,248,44,2024-04-27,8,Addition,Newspaper rock risk relationship.
1171,619,951,2024-04-11,11,Addition,History identify instead skill idea I.
1172,296,481,2024-04-29,19,Removal,Light generation production fact building then.
1173,636,407,2024-04-21,16,Removal,Wait how new stuff issue.
1174,649,718,2024-03-13,13,Removal,Goal point job run continue employee management.
1175,147,737,2024-04-27,20,Addition,Discover approach message possible indeed.
1176,207,699,2024-04-16,15,Removal,Whatever green affect focus.
1177,648,672,2024-03-26,3,Addition,Lose citizen point fact.
1178,734,459,2024-04-14,2,Addition,Foreign trip staff realize investment.
1179,776,467,2024-02-14,8,Addition,Person let physical policy.
1180,347,279,2024-01-13,12,Addition,Rather know reach believe travel.
1181,913,940,2024-02-25,16,Addition,Six middle far property admit special.
1182,340,775,2024-01-05,14,Removal,Play data school discussion.
1183,795,353,2024-02-25,19,Addition,You society bag.
1184,522,949,2024-03-15,7,Removal,Character southern head very.
1185,748,1187,2024-04-29,14,Removal,Music wonder man difficult Republican serve.
1186,920,608,2024-01-16,12,Addition,Serious talk financial radio film land right.
1187,381,798,2024-05-02,4,Removal,Firm leave assume outside cover series dog.
1188,1204,802,2024-04-12,15,Removal,Whose force allow once seek prove.
1189,372,304,2024-04-21,13,Removal,Quite condition dream take.
1190,1231,1088,2024-05-13,3,Addition,Project morning home.
1191,860,228,2024-03-18,12,Removal,Approach realize a their sea.
1192,335,892,2024-03-13,13,Addition,Guess detail suffer money reveal executive scene.
1193,423,1076,2024-04-12,12,Addition,Exist skill organization attack where ever.
1194,691,1114,2024-03-03,12,Addition,Conference item option commercial set process.
1195,777,598,2024-01-11,14,Removal,Hospital again develop save million nice.
1196,784,258,2024-05-04,16,Removal,Accept offer couple similar personal radio.
1197,9,963,2024-05-25,2,Removal,Do pull new could Democrat deal response.
1198,301,125,2024-03-11,7,Removal,Get firm civil left smile discussion bit.
1199,44,345,2024-04-12,14,Removal,Between think may somebody pass.
1200,601,1264,2024-04-07,9,Addition,Whose them three.
1201,1041,889,2024-01-24,11,Addition,Beat surface travel ability peace north major.
1202,73,862,2024-05-20,3,Addition,Tonight paper factor direction left front team.
1203,1109,498,2024-04-03,4,Addition,Be time detail finally play.
1204,205,1299,2024-02-04,8,Addition,Rich describe operation one lot us.
1205,494,1071,2024-02-10,3,Addition,Apply environmental yeah always area sea.
1206,35,1182,2024-05-16,1,Removal,Within hotel hand here account situation.
1207,430,1275,2024-02-27,16,Addition,Project without blue political.
1208,1091,457,2024-03-24,8,Addition,Again policy large hair.
1209,833,347,2024-04-17,11,Removal,Green movie sound.
1210,709,524,2024-05-18,3,Removal,Child how paper outside including PM drive region.
1211,963,256,2024-02-15,15,Removal,First crime professional really car respond.
1212,1108,625,2024-05-12,20,Removal,Explain piece another ask character exactly huge.
1213,448,1282,2024-03-08,9,Addition,Lose movie computer third by strong.
1214,8,1030,2024-04-23,2,Removal,Significant no evening.
1215,505,922,2024-05-15,4,Removal,Product despite say occur.
1216,1208,6,2024-02-16,14,Removal,Wait especially financial others several.
1217,125,949,2024-05-01,1,Removal,Out true type capital beautiful.
1218,378,397,2024-05-12,6,Removal,Write education remain until manage way not.
1219,488,286,2024-02-29,14,Addition,Behavior somebody act forward popular citizen.
1220,13,111,2024-01-18,11,Removal,Drive product office trip chance.
1221,924,488,2024-03-04,4,Addition,And lose stuff.
1222,694,575,2024-05-13,20,Removal,Less one grow throughout page several card.
1223,138,260,2024-01-31,3,Addition,Brother book run bit begin investment contain cup.
1224,1273,743,2024-04-20,4,Removal,Occur alone cultural federal couple she sport.
1225,642,1269,2024-01-07,5,Removal,Air step expect hair.
1226,337,369,2024-02-25,9,Removal,Call especially shake admit camera.
1227,1203,11,2024-02-21,7,Removal,Country seat protect or report later citizen.
1228,287,891,2024-04-04,10,Addition,Whole several than thank range.
1229,1044,157,2024-01-25,13,Removal,Foreign recent many tend.
1230,153,736,2024-05-16,2,Addition,If woman allow set project.
1231,1244,56,2024-02-25,4,Addition,Close beautiful but after relate Congress have.
1232,887,1010,2024-01-30,14,Addition,Suddenly difference itself suddenly democratic move.
1233,569,650,2024-02-10,16,Removal,Store surface prove former change marriage stay produce.
1234,1022,6,2024-04-04,7,Addition,Language mouth later finish environment.
1235,731,303,2024-05-25,10,Addition,Role about middle sing recognize organization.
1236,1260,554,2024-01-25,18,Addition,Player full customer camera live wonder.
1237,365,816,2024-02-04,8,Addition,Music last more.
1238,918,1064,2024-03-31,10,Removal,Action only go vote.
1239,659,536,2024-05-21,1,Addition,Explain process the.
1240,717,815,2024-03-10,10,Addition,Soldier fight church site wait soon.
1241,18,263,2024-03-22,9,Addition,Red around recognize suddenly car.
1242,972,95,2024-03-31,20,Addition,Support before moment.
1243,224,597,2024-03-29,17,Removal,Change including crime growth choose blue.
1244,877,478,2024-03-27,19,Addition,Here account summer moment.
1245,146,34,2024-04-01,2,Addition,Region success six way modern her.
1246,65,936,2024-03-12,2,Addition,Still far partner amount reach charge fire participant.
1247,130,231,2024-02-14,3,Addition,Child agency firm six.
1248,1270,921,2024-05-06,5,Addition,Reality some provide imagine.
1249,446,763,2024-04-25,18,Removal,Line want nice admit catch offer federal.
1250,922,442,2024-03-31,12,Addition,Just general six instead risk cell sure.
1251,445,600,2024-02-27,15,Addition,Machine drop protect.
1252,819,954,2024-04-17,9,Removal,Campaign describe speech lawyer beyond tell.
1253,803,31,2024-05-01,17,Addition,Look analysis positive control central.
1254,156,1037,2024-05-25,16,Addition,On series three indeed past dark half check.
1255,451,59,2024-04-26,10,Addition,Lay research lose base yard without.
1256,287,1216,2024-04-18,4,Removal,Us trade star film describe there these spring.
1257,743,508,2024-05-12,10,Removal,Get sure arrive pattern.
1258,219,5,2024-04-29,1,Removal,Left effort operation interest.
1259,884,1029,2024-03-20,6,Addition,Every knowledge conference imagine out none.
1260,1241,203,2024-05-12,5,Addition,Six such challenge eye involve hard different out.
1261,679,201,2024-01-07,14,Addition,Statement return age option.
1262,863,906,2024-05-01,11,Removal,Current smile various book guy entire.
1263,249,1092,2024-05-01,5,Removal,Maybe group agency capital.
1264,617,535,2024-04-08,4,Addition,Laugh friend focus accept answer white.
1265,843,737,2024-05-03,9,Removal,Operation one scientist final goal.
1266,246,323,2024-02-19,20,Addition,Coach hotel week per former.
1267,444,673,2024-03-12,9,Addition,Maintain produce wait land room.
1268,1141,669,2024-01-10,6,Addition,Serve business paper air firm.
1269,277,764,2024-01-06,12,Removal,Address finish center organization all operation himself bring.
1270,97,1134,2024-05-06,9,Removal,Against letter specific phone surface question media chair.
1271,257,614,2024-01-25,11,Removal,Truth country much amount.
1272,619,1121,2024-01-19,12,Removal,Manager mind wear character inside message.
1273,369,332,2024-04-04,8,Removal,Back important well discussion save before country.
1274,580,1273,2024-05-07,18,Addition,Military television store toward win hold.
1275,116,79,2024-02-04,7,Removal,Truth Mr everybody customer.
1276,213,1058,2024-02-01,20,Addition,Public describe tough I left once.
1277,473,1051,2024-02-21,13,Removal,Can no put country will image.
1278,853,22,2024-03-17,16,Removal,Suddenly heavy trip control.
1279,1114,751,2024-01-21,16,Addition,Do concern what paper where figure night course.
1280,1262,492,2024-03-29,8,Removal,Yet site imagine picture newspaper.
1281,137,193,2024-04-19,17,Addition,Own professional special easy hear rich.
1282,872,942,2024-03-19,9,Addition,Fly along story history every interview consumer low.
1283,1129,699,2024-01-15,8,Addition,President oil decade politics.
1284,907,1272,2024-01-18,7,Removal,Receive ask heart section audience shoulder least.
1285,653,72,2024-05-22,9,Removal,Teach brother happy red itself that easy.
1286,84,771,2024-01-17,1,Addition,Court standard for sit.
1287,917,360,2024-04-27,15,Addition,Finish group station yard.
1288,234,1147,2024-01-22,17,Removal,Actually long argue mouth subject behavior realize.
1289,213,666,2024-03-17,20,Removal,Culture stage top learn.
1290,690,399,2024-04-01,7,Removal,Goal modern property effort agent beyond girl.
1291,312,804,2024-05-14,10,Removal,Enter certain senior card one other member pattern.
1292,128,352,2024-01-19,9,Removal,Form never cell wrong.
1293,1014,759,2024-03-20,20,Addition,Increase practice ok enter task major.
1294,704,106,2024-01-16,13,Addition,Indeed spend minute section seven system federal deal.
1295,1036,102,2024-04-20,13,Removal,I someone if kind.
1296,1130,515,2024-04-14,8,Removal,Serious season will pattern use defense instead simply.
1297,608,92,2024-03-24,17,Addition,Add five option population.
1298,557,384,2024-04-07,11,Addition,Poor recognize mind opportunity answer.
1299,769,86,2024-01-19,17,Addition,Civil student painting while surface.
1300,1116,1061,2024-01-02,9,Removal,Almost themselves floor white threat commercial.
