order_id,customer_id,warehouse_id,employee_id,order_date,status,total_amount,payment_method
1,230,424,605,2024-02-28,Pending,342.0,Bank Transfer
2,185,888,824,2024-01-19,Delivered,213.0,Bank Transfer
3,1295,545,1080,2024-04-18,Shipped,510.0,Credit Card
4,756,783,175,2024-04-20,Delivered,554.0,Bank Transfer
5,905,1182,1195,2024-01-16,Delivered,1.0,Bank Transfer
6,753,32,266,2024-04-23,Cancelled,443.0,Bank Transfer
7,1181,807,240,2024-05-10,Delivered,279.0,Bank Transfer
8,89,499,1102,2024-04-11,Delivered,210.0,Credit Card
9,1107,746,1256,2024-02-02,Pending,603.0,Debit Card
10,608,255,771,2024-04-28,Cancelled,353.0,PayPal
11,76,488,1298,2024-02-09,Cancelled,883.0,Credit Card
12,269,300,349,2024-02-01,Shipped,327.0,Bank Transfer
13,558,1220,1134,2024-03-01,Cancelled,241.0,Credit Card
14,127,218,1031,2024-03-18,Delivered,368.0,PayPal
15,894,905,882,2024-03-17,Pending,633.0,PayPal
16,622,975,910,2024-02-10,Shipped,753.0,Bank Transfer
17,470,305,1242,2024-05-01,Shipped,221.0,Credit Card
18,1249,947,987,2024-01-25,Pending,172.0,Bank Transfer
19,345,1192,905,2024-04-09,Cancelled,351.0,Debit Card
20,194,107,80,2024-04-15,Cancelled,197.0,PayPal
21,464,164,146,2024-04-22,Cancelled,867.0,Credit Card
22,212,801,302,2024-05-01,Delivered,472.0,PayPal
23,573,1027,105,2024-04-14,Pending,703.0,Bank Transfer
24,1197,482,250,2024-01-16,Pending,451.0,Debit Card
25,1287,1051,595,2024-03-15,Delivered,932.0,PayPal
26,1084,488,225,2024-04-11,Delivered,662.0,Debit Card
27,418,841,194,2024-01-15,Delivered,69.0,PayPal
28,282,781,770,2024-02-20,Delivered,440.0,Credit Card
29,207,151,995,2024-02-06,Cancelled,589.0,Credit Card
30,682,524,174,2024-05-04,Pending,350.0,Debit Card
31,19,424,53,2024-05-19,Pending,601.0,Bank Transfer
32,1199,474,1041,2024-02-15,Cancelled,158.0,Bank Transfer
33,416,869,698,2024-04-26,Pending,269.0,PayPal
34,81,336,901,2024-02-11,Pending,900.0,Bank Transfer
35,1257,510,868,2024-01-10,Shipped,151.0,Bank Transfer
36,194,503,1265,2024-05-13,Delivered,754.0,Credit Card
37,469,166,423,2024-02-25,Cancelled,571.0,Bank Transfer
38,353,156,1249,2024-01-24,Delivered,447.0,Bank Transfer
39,1210,10,743,2024-05-19,Pending,664.0,PayPal
40,1293,410,1140,2024-03-27,Shipped,787.0,Credit Card
41,1054,250,332,2024-04-29,Shipped,660.0,Bank Transfer
42,641,1066,1178,2024-05-08,Shipped,522.0,PayPal
43,34,228,235,2024-05-17,Delivered,936.0,PayPal
44,1095,566,992,2024-01-31,Shipped,163.0,PayPal
45,182,860,1266,2024-04-02,Shipped,183.0,Bank Transfer
46,516,1102,451,2024-02-05,Shipped,901.0,Bank Transfer
47,1178,195,482,2024-01-20,Cancelled,594.0,Credit Card
48,132,28,1190,2024-03-03,Shipped,578.0,Bank Transfer
49,315,566,715,2024-01-04,Delivered,199.0,Debit Card
50,556,385,806,2024-02-13,Shipped,371.0,Debit Card
51,574,202,544,2024-04-03,Pending,107.0,PayPal
52,103,130,203,2024-02-19,Shipped,590.0,Debit Card
53,845,429,853,2024-04-14,Delivered,433.0,Credit Card
54,788,485,642,2024-01-14,Cancelled,768.0,Debit Card
55,176,337,482,2024-05-13,Delivered,975.0,Debit Card
56,577,143,111,2024-02-16,Cancelled,991.0,PayPal
57,803,303,794,2024-02-23,Pending,111.0,Bank Transfer
58,990,473,453,2024-05-18,Pending,270.0,Credit Card
59,878,589,929,2024-04-28,Delivered,819.0,Credit Card
60,1049,796,549,2024-02-10,Delivered,110.0,Bank Transfer
61,1072,1184,28,2024-04-15,Shipped,948.0,Credit Card
62,567,889,1147,2024-03-31,Pending,900.0,PayPal
63,188,1186,761,2024-04-16,Delivered,264.0,Debit Card
64,371,522,247,2024-01-08,Shipped,24.0,PayPal
65,90,382,461,2024-04-10,Delivered,609.0,PayPal
66,372,522,337,2024-01-31,Shipped,918.0,PayPal
67,831,501,1065,2024-03-08,Pending,873.0,Bank Transfer
68,1115,46,1111,2024-01-21,Pending,344.0,Bank Transfer
69,1183,810,747,2024-02-05,Cancelled,105.0,Debit Card
70,1124,44,1161,2024-01-06,Delivered,241.0,Credit Card
71,404,1022,1249,2024-02-07,Pending,725.0,Debit Card
72,200,953,228,2024-01-31,Delivered,868.0,Debit Card
73,1128,633,1169,2024-05-22,Shipped,504.0,Debit Card
74,402,630,877,2024-05-19,Delivered,734.0,Credit Card
75,1219,120,313,2024-01-09,Pending,573.0,PayPal
76,2,29,698,2024-01-04,Cancelled,263.0,Credit Card
77,990,712,1285,2024-05-22,Cancelled,692.0,Bank Transfer
78,15,610,619,2024-05-18,Shipped,745.0,PayPal
79,888,748,579,2024-05-04,Pending,34.0,Bank Transfer
80,591,650,371,2024-03-07,Shipped,49.0,Bank Transfer
81,395,1253,406,2024-03-26,Cancelled,16.0,Bank Transfer
82,1064,458,1210,2024-01-22,Delivered,860.0,Debit Card
83,1081,1225,1055,2024-01-26,Cancelled,491.0,Debit Card
84,951,1203,247,2024-01-18,Shipped,422.0,Bank Transfer
85,988,399,286,2024-03-07,Cancelled,403.0,Bank Transfer
86,1071,463,990,2024-02-04,Pending,31.0,Bank Transfer
87,1134,922,1114,2024-05-23,Pending,887.0,Credit Card
88,650,1024,319,2024-05-03,Pending,602.0,Credit Card
89,91,910,1185,2024-01-22,Cancelled,924.0,Bank Transfer
90,306,164,186,2024-02-21,Shipped,862.0,Debit Card
91,397,522,24,2024-04-04,Cancelled,300.0,Debit Card
92,531,366,1058,2024-03-29,Pending,171.0,Bank Transfer
93,449,729,888,2024-02-08,Cancelled,949.0,PayPal
94,647,611,1074,2024-05-18,Delivered,227.0,Debit Card
95,858,637,6,2024-02-22,Delivered,578.0,PayPal
96,287,288,29,2024-04-22,Pending,165.0,PayPal
97,601,241,1136,2024-01-13,Delivered,686.0,Debit Card
98,1184,1045,580,2024-05-14,Cancelled,552.0,Bank Transfer
99,27,947,355,2024-04-03,Cancelled,467.0,Bank Transfer
100,166,309,1124,2024-05-13,Delivered,198.0,Credit Card
101,1150,1050,1007,2024-04-30,Cancelled,864.0,Credit Card
102,1011,106,73,2024-03-11,Shipped,838.0,Bank Transfer
103,783,1164,902,2024-03-01,Shipped,703.0,Debit Card
104,49,513,455,2024-03-23,Cancelled,377.0,Credit Card
105,828,318,803,2024-01-09,Cancelled,559.0,PayPal
106,350,122,1111,2024-03-12,Cancelled,191.0,PayPal
107,1227,719,780,2024-02-21,Cancelled,889.0,PayPal
108,591,992,290,2024-01-30,Pending,282.0,PayPal
109,705,492,303,2024-02-29,Cancelled,774.0,Credit Card
110,281,281,611,2024-03-15,Pending,645.0,Credit Card
111,408,308,865,2024-01-31,Shipped,901.0,Credit Card
112,360,540,74,2024-04-03,Pending,103.0,Bank Transfer
113,774,226,646,2024-05-04,Delivered,955.0,Bank Transfer
114,745,903,35,2024-04-04,Pending,924.0,Debit Card
115,981,944,197,2024-05-23,Pending,749.0,Credit Card
116,222,792,1092,2024-02-28,Cancelled,852.0,Credit Card
117,1172,745,208,2024-04-18,Delivered,802.0,Debit Card
118,1278,186,263,2024-04-15,Shipped,164.0,Debit Card
119,208,975,1119,2024-01-29,Shipped,847.0,Debit Card
120,1159,877,472,2024-01-23,Delivered,175.0,Bank Transfer
121,483,250,509,2024-03-12,Pending,953.0,Debit Card
122,857,1123,823,2024-01-27,Shipped,291.0,PayPal
123,927,19,1029,2024-01-10,Delivered,932.0,PayPal
124,1296,154,198,2024-02-23,Delivered,195.0,Bank Transfer
125,99,274,1086,2024-05-10,Delivered,636.0,PayPal
126,658,143,609,2024-03-09,Pending,94.0,Bank Transfer
127,550,531,544,2024-03-27,Pending,715.0,Bank Transfer
128,35,249,546,2024-04-30,Pending,932.0,Credit Card
129,705,684,1289,2024-04-09,Shipped,307.0,Bank Transfer
130,329,1048,256,2024-03-12,Cancelled,937.0,Debit Card
131,1101,832,666,2024-04-25,Shipped,461.0,PayPal
132,1058,865,276,2024-05-26,Delivered,982.0,Bank Transfer
133,173,891,1100,2024-04-18,Cancelled,271.0,Bank Transfer
134,480,71,1078,2024-01-17,Pending,189.0,Bank Transfer
135,228,1154,948,2024-02-25,Pending,202.0,Credit Card
136,240,688,672,2024-04-11,Shipped,772.0,Credit Card
137,849,449,482,2024-04-28,Shipped,127.0,Credit Card
138,674,371,1282,2024-01-14,Cancelled,656.0,Debit Card
139,575,1242,262,2024-02-17,Shipped,731.0,Debit Card
140,1087,1019,507,2024-05-05,Pending,924.0,PayPal
141,1204,51,1033,2024-03-21,Cancelled,771.0,Bank Transfer
142,597,510,29,2024-02-20,Cancelled,624.0,Debit Card
143,1189,745,617,2024-03-14,Pending,387.0,PayPal
144,808,471,1134,2024-02-18,Shipped,54.0,Debit Card
145,1084,224,1137,2024-03-02,Cancelled,181.0,Credit Card
146,242,911,191,2024-04-15,Shipped,448.0,Bank Transfer
147,425,1144,54,2024-05-16,Shipped,279.0,Debit Card
148,611,767,1200,2024-04-22,Shipped,629.0,Credit Card
149,896,124,1151,2024-03-28,Delivered,336.0,Debit Card
150,600,480,172,2024-01-24,Cancelled,23.0,Credit Card
151,795,520,851,2024-05-03,Cancelled,375.0,Bank Transfer
152,61,74,1147,2024-04-11,Pending,663.0,PayPal
153,402,1171,35,2024-02-22,Cancelled,101.0,Credit Card
154,839,452,551,2024-05-02,Delivered,703.0,Debit Card
155,189,979,150,2024-03-03,Delivered,673.0,Credit Card
156,184,382,868,2024-04-03,Delivered,745.0,Debit Card
157,678,197,1278,2024-04-14,Cancelled,848.0,Credit Card
158,211,298,274,2024-05-23,Pending,860.0,Bank Transfer
159,989,1292,688,2024-02-10,Pending,710.0,Bank Transfer
160,425,326,462,2024-01-11,Shipped,428.0,Bank Transfer
161,519,463,1288,2024-04-14,Delivered,824.0,Debit Card
162,224,1232,1227,2024-03-24,Shipped,964.0,PayPal
163,245,1000,310,2024-04-04,Cancelled,527.0,Bank Transfer
164,169,147,770,2024-01-26,Cancelled,146.0,PayPal
165,279,984,35,2024-03-09,Pending,717.0,PayPal
166,1142,633,460,2024-04-09,Pending,363.0,PayPal
167,976,130,894,2024-04-14,Delivered,509.0,PayPal
168,604,236,678,2024-05-07,Pending,423.0,Bank Transfer
169,1061,212,175,2024-01-14,Shipped,200.0,Debit Card
170,802,31,1294,2024-02-10,Shipped,561.0,Credit Card
171,1207,1013,1184,2024-02-20,Shipped,272.0,Credit Card
172,514,1068,112,2024-02-23,Pending,715.0,Debit Card
173,392,290,574,2024-03-25,Shipped,39.0,PayPal
174,397,593,501,2024-04-29,Shipped,146.0,Debit Card
175,329,221,574,2024-04-01,Pending,287.0,Debit Card
176,538,1212,1263,2024-01-28,Shipped,899.0,Debit Card
177,70,19,1285,2024-01-30,Pending,85.0,Credit Card
178,629,155,476,2024-05-22,Delivered,86.0,Debit Card
179,806,822,960,2024-05-20,Cancelled,185.0,Debit Card
180,1173,517,907,2024-04-27,Shipped,892.0,Credit Card
181,1033,593,931,2024-01-18,Pending,818.0,Bank Transfer
182,1015,666,1167,2024-04-08,Pending,912.0,Bank Transfer
183,804,1131,251,2024-02-27,Cancelled,916.0,PayPal
184,783,1266,1165,2024-05-07,Cancelled,731.0,Debit Card
185,1124,687,824,2024-01-04,Pending,340.0,Bank Transfer
186,1290,127,1091,2024-05-20,Pending,358.0,Bank Transfer
187,568,919,1103,2024-03-20,Cancelled,881.0,Credit Card
188,160,655,66,2024-04-04,Delivered,324.0,Credit Card
189,1142,462,1093,2024-04-09,Cancelled,850.0,Credit Card
190,350,487,630,2024-03-03,Delivered,510.0,Debit Card
191,502,138,1196,2024-04-18,Shipped,626.0,Debit Card
192,985,934,605,2024-02-02,Delivered,896.0,PayPal
193,1131,1079,651,2024-05-23,Pending,177.0,PayPal
194,334,843,1027,2024-05-25,Delivered,693.0,Debit Card
195,601,1042,684,2024-04-15,Shipped,603.0,Credit Card
196,958,805,1171,2024-03-22,Pending,81.0,PayPal
197,982,350,785,2024-01-06,Pending,554.0,PayPal
198,808,579,644,2024-02-05,Cancelled,208.0,Credit Card
199,386,907,1101,2024-05-21,Pending,242.0,Debit Card
200,1291,1254,30,2024-05-24,Delivered,436.0,Bank Transfer
201,1244,501,930,2024-03-26,Shipped,215.0,Credit Card
202,467,205,845,2024-04-14,Delivered,992.0,Debit Card
203,152,839,582,2024-04-24,Shipped,761.0,Credit Card
204,957,1180,1290,2024-02-19,Delivered,880.0,Credit Card
205,1089,881,721,2024-05-16,Shipped,303.0,Bank Transfer
206,931,1000,1143,2024-05-18,Delivered,28.0,Bank Transfer
207,758,164,11,2024-03-02,Shipped,496.0,Debit Card
208,428,922,930,2024-01-18,Pending,265.0,Debit Card
209,447,233,852,2024-01-11,Delivered,316.0,PayPal
210,113,1032,201,2024-04-18,Delivered,659.0,Bank Transfer
211,455,1072,329,2024-01-19,Shipped,709.0,Debit Card
212,897,1119,334,2024-03-23,Delivered,610.0,PayPal
213,745,525,579,2024-03-15,Delivered,126.0,Credit Card
214,1124,830,394,2024-01-08,Delivered,553.0,Credit Card
215,699,968,423,2024-01-22,Cancelled,158.0,PayPal
216,687,87,357,2024-01-03,Cancelled,554.0,PayPal
217,552,675,206,2024-03-31,Cancelled,293.0,Bank Transfer
218,306,816,417,2024-01-10,Cancelled,265.0,Credit Card
219,1238,812,940,2024-05-13,Delivered,75.0,Credit Card
220,1241,903,878,2024-04-06,Shipped,755.0,Credit Card
221,224,96,653,2024-02-20,Cancelled,113.0,Bank Transfer
222,301,237,550,2024-03-24,Shipped,65.0,Bank Transfer
223,590,171,1105,2024-02-04,Shipped,59.0,Bank Transfer
224,472,1124,655,2024-04-22,Shipped,557.0,Credit Card
225,1287,598,795,2024-02-07,Delivered,197.0,Bank Transfer
226,554,951,808,2024-02-07,Delivered,443.0,PayPal
227,138,576,710,2024-05-17,Cancelled,235.0,Debit Card
228,937,18,1079,2024-02-12,Pending,394.0,Credit Card
229,948,205,37,2024-01-08,Shipped,250.0,PayPal
230,945,953,151,2024-02-23,Shipped,426.0,PayPal
231,783,1163,68,2024-05-16,Cancelled,67.0,Credit Card
232,474,559,852,2024-03-19,Delivered,432.0,Credit Card
233,870,1259,752,2024-01-13,Shipped,76.0,Debit Card
234,565,1088,240,2024-02-06,Cancelled,569.0,Debit Card
235,60,659,407,2024-01-20,Cancelled,677.0,Bank Transfer
236,144,228,1261,2024-02-17,Shipped,14.0,Bank Transfer
237,652,796,683,2024-04-13,Shipped,94.0,PayPal
238,811,1270,1028,2024-03-30,Shipped,985.0,Credit Card
239,1158,230,158,2024-02-17,Pending,884.0,Credit Card
240,1188,334,790,2024-05-13,Cancelled,911.0,Debit Card
241,189,150,1025,2024-04-26,Delivered,697.0,PayPal
242,1173,461,1213,2024-04-19,Pending,252.0,PayPal
243,615,1223,1247,2024-05-02,Pending,752.0,Credit Card
244,141,1221,610,2024-05-01,Cancelled,882.0,Bank Transfer
245,998,88,426,2024-05-24,Pending,846.0,PayPal
246,348,1070,594,2024-04-19,Shipped,226.0,Debit Card
247,336,624,891,2024-05-12,Delivered,343.0,PayPal
248,656,934,1022,2024-05-03,Delivered,472.0,Debit Card
249,25,829,518,2024-02-01,Cancelled,937.0,Debit Card
250,1161,944,1290,2024-04-24,Pending,202.0,Bank Transfer
251,781,596,947,2024-01-08,Shipped,750.0,Debit Card
252,1115,13,546,2024-01-18,Delivered,203.0,PayPal
253,898,938,476,2024-02-17,Delivered,393.0,Bank Transfer
254,1062,272,646,2024-02-23,Cancelled,913.0,Debit Card
255,29,196,278,2024-03-24,Delivered,643.0,PayPal
256,1172,1141,76,2024-04-10,Cancelled,46.0,Credit Card
257,276,37,52,2024-01-25,Delivered,245.0,Credit Card
258,774,269,1210,2024-03-31,Shipped,932.0,PayPal
259,245,747,725,2024-03-04,Pending,886.0,Credit Card
260,642,220,1013,2024-04-21,Cancelled,818.0,Debit Card
261,876,369,1279,2024-02-23,Shipped,475.0,Credit Card
262,1161,7,1233,2024-03-22,Cancelled,136.0,Credit Card
263,599,1213,421,2024-01-21,Delivered,154.0,Debit Card
264,519,1287,72,2024-04-14,Cancelled,153.0,Credit Card
265,851,1106,19,2024-05-14,Shipped,979.0,PayPal
266,1182,289,358,2024-05-21,Cancelled,185.0,Credit Card
267,1252,264,224,2024-05-11,Cancelled,673.0,Debit Card
268,697,1138,145,2024-03-08,Shipped,397.0,PayPal
269,298,245,641,2024-04-20,Pending,485.0,Credit Card
270,902,1130,707,2024-02-23,Cancelled,468.0,Bank Transfer
271,545,1229,110,2024-02-15,Delivered,451.0,Debit Card
272,476,1016,1253,2024-03-30,Cancelled,828.0,Debit Card
273,162,629,996,2024-03-08,Shipped,440.0,PayPal
274,967,728,402,2024-04-16,Cancelled,610.0,Debit Card
275,1116,271,1284,2024-01-07,Cancelled,543.0,Debit Card
276,481,986,68,2024-03-27,Delivered,767.0,Bank Transfer
277,1061,527,526,2024-04-23,Pending,938.0,Bank Transfer
278,790,412,433,2024-02-07,Shipped,751.0,PayPal
279,711,684,575,2024-02-08,Cancelled,600.0,Bank Transfer
280,383,15,1238,2024-05-01,Shipped,546.0,Bank Transfer
281,383,231,326,2024-02-09,Shipped,433.0,Credit Card
282,1130,808,267,2024-05-03,Cancelled,237.0,PayPal
283,899,871,639,2024-01-27,Cancelled,994.0,Debit Card
284,1047,1026,234,2024-02-07,Cancelled,741.0,Bank Transfer
285,417,829,1067,2024-04-23,Pending,635.0,PayPal
286,136,1076,72,2024-04-12,Cancelled,42.0,Bank Transfer
287,1161,867,740,2024-01-30,Pending,279.0,PayPal
288,1139,413,1206,2024-05-09,Cancelled,445.0,Debit Card
289,352,916,386,2024-04-15,Shipped,595.0,Credit Card
290,1238,8,99,2024-01-19,Shipped,151.0,Bank Transfer
291,1051,884,616,2024-03-10,Shipped,846.0,Bank Transfer
292,825,1204,633,2024-02-15,Shipped,157.0,PayPal
293,465,235,866,2024-02-29,Delivered,317.0,PayPal
294,174,401,60,2024-01-20,Cancelled,691.0,Bank Transfer
295,895,212,142,2024-04-22,Cancelled,718.0,Debit Card
296,490,580,34,2024-03-30,Delivered,413.0,PayPal
297,1168,149,401,2024-03-20,Delivered,982.0,PayPal
298,26,853,222,2024-04-18,Shipped,17.0,Debit Card
299,260,636,1247,2024-05-26,Shipped,274.0,Credit Card
300,291,595,31,2024-01-20,Shipped,340.0,Bank Transfer
301,778,102,272,2024-03-09,Shipped,880.0,Credit Card
302,104,986,283,2024-02-03,Pending,58.0,PayPal
303,361,962,478,2024-02-21,Cancelled,218.0,PayPal
304,355,279,222,2024-05-09,Pending,40.0,Credit Card
305,714,506,383,2024-01-05,Shipped,199.0,Credit Card
306,753,367,85,2024-03-30,Cancelled,322.0,Bank Transfer
307,1103,298,327,2024-04-13,Shipped,726.0,Credit Card
308,79,961,1138,2024-04-13,Pending,239.0,Bank Transfer
309,1124,532,246,2024-02-25,Pending,410.0,Bank Transfer
310,26,473,501,2024-01-25,Cancelled,404.0,PayPal
311,254,776,343,2024-05-22,Delivered,431.0,Bank Transfer
312,1229,118,856,2024-04-02,Pending,396.0,Credit Card
313,18,277,333,2024-03-05,Delivered,689.0,Bank Transfer
314,1237,818,365,2024-01-29,Shipped,570.0,Bank Transfer
315,63,710,854,2024-02-11,Pending,32.0,Debit Card
316,566,804,691,2024-01-18,Pending,934.0,Bank Transfer
317,22,333,575,2024-03-31,Shipped,229.0,Debit Card
318,903,1202,955,2024-03-21,Delivered,599.0,Debit Card
319,234,1175,742,2024-01-22,Shipped,997.0,Debit Card
320,284,976,904,2024-01-30,Pending,92.0,Bank Transfer
321,713,1034,430,2024-01-28,Pending,204.0,Credit Card
322,842,817,749,2024-01-14,Pending,385.0,PayPal
323,327,509,232,2024-04-30,Delivered,613.0,Credit Card
324,1274,1095,1239,2024-05-12,Pending,167.0,Credit Card
325,225,569,1108,2024-01-11,Pending,976.0,Debit Card
326,1131,922,81,2024-02-13,Cancelled,822.0,Bank Transfer
327,783,645,552,2024-01-11,Cancelled,670.0,Debit Card
328,206,636,864,2024-04-20,Delivered,327.0,Debit Card
329,1082,987,72,2024-04-10,Pending,160.0,Bank Transfer
330,484,1017,1032,2024-04-16,Cancelled,34.0,Debit Card
331,71,897,105,2024-04-07,Pending,975.0,Bank Transfer
332,695,972,940,2024-05-19,Shipped,842.0,Bank Transfer
333,471,571,732,2024-04-18,Pending,933.0,Credit Card
334,450,1221,467,2024-04-26,Shipped,21.0,Debit Card
335,791,1168,420,2024-02-08,Delivered,618.0,Bank Transfer
336,749,1290,137,2024-04-18,Shipped,135.0,Credit Card
337,334,1105,518,2024-05-26,Cancelled,298.0,Bank Transfer
338,277,1277,341,2024-05-18,Pending,360.0,Bank Transfer
339,1191,1139,651,2024-05-10,Shipped,463.0,Bank Transfer
340,154,1240,1244,2024-05-18,Shipped,789.0,PayPal
341,124,1101,374,2024-01-15,Delivered,343.0,Debit Card
342,422,967,1226,2024-03-28,Shipped,528.0,Credit Card
343,511,467,959,2024-04-03,Shipped,358.0,Bank Transfer
344,930,1133,956,2024-03-26,Pending,118.0,Credit Card
345,240,1131,337,2024-02-26,Pending,217.0,PayPal
346,583,1091,233,2024-03-22,Pending,863.0,PayPal
347,1046,36,1064,2024-03-15,Pending,129.0,Credit Card
348,759,97,509,2024-03-03,Shipped,563.0,PayPal
349,528,1011,553,2024-01-20,Delivered,290.0,PayPal
350,584,76,1181,2024-01-04,Pending,490.0,Credit Card
351,400,936,694,2024-05-04,Delivered,905.0,PayPal
352,949,960,223,2024-03-06,Pending,985.0,PayPal
353,65,1014,1067,2024-04-25,Shipped,157.0,PayPal
354,1048,1212,403,2024-01-24,Cancelled,239.0,Debit Card
355,416,760,321,2024-03-28,Pending,291.0,Credit Card
356,435,715,857,2024-03-31,Shipped,138.0,Bank Transfer
357,314,221,559,2024-01-14,Pending,337.0,PayPal
358,1195,737,972,2024-02-02,Delivered,642.0,Credit Card
359,1121,865,1168,2024-04-12,Shipped,922.0,PayPal
360,903,1061,189,2024-05-06,Cancelled,607.0,Debit Card
361,945,818,1129,2024-05-07,Delivered,544.0,PayPal
362,381,1153,1177,2024-05-01,Cancelled,586.0,Debit Card
363,626,208,876,2024-03-29,Pending,113.0,PayPal
364,825,858,1047,2024-03-03,Delivered,294.0,Credit Card
365,1039,874,954,2024-02-28,Cancelled,890.0,Bank Transfer
366,249,886,985,2024-04-25,Cancelled,890.0,Credit Card
367,473,60,1028,2024-03-19,Shipped,954.0,Credit Card
368,442,443,219,2024-04-21,Pending,973.0,Debit Card
369,387,1090,1245,2024-04-30,Cancelled,391.0,Credit Card
370,408,419,1117,2024-02-10,Cancelled,27.0,Debit Card
371,488,93,550,2024-05-04,Cancelled,96.0,PayPal
372,240,1262,809,2024-04-27,Cancelled,540.0,PayPal
373,311,932,673,2024-05-10,Shipped,222.0,Debit Card
374,229,1269,430,2024-03-25,Delivered,452.0,Bank Transfer
375,366,649,981,2024-01-16,Shipped,958.0,PayPal
376,987,485,501,2024-03-31,Shipped,517.0,Credit Card
377,1196,1162,1131,2024-05-26,Shipped,135.0,Debit Card
378,214,1222,1297,2024-03-06,Delivered,27.0,Bank Transfer
379,568,735,386,2024-05-10,Delivered,768.0,Credit Card
380,1178,1123,814,2024-04-15,Pending,810.0,PayPal
381,801,832,985,2024-02-08,Shipped,527.0,Bank Transfer
382,1047,673,1098,2024-02-06,Shipped,6.0,PayPal
383,32,692,238,2024-02-15,Cancelled,387.0,PayPal
384,649,1197,656,2024-04-12,Cancelled,880.0,PayPal
385,566,631,1,2024-03-29,Pending,852.0,Debit Card
386,1026,84,65,2024-05-26,Pending,418.0,PayPal
387,779,640,605,2024-03-21,Pending,470.0,PayPal
388,12,802,1116,2024-02-22,Delivered,23.0,Bank Transfer
389,651,497,1243,2024-04-29,Shipped,652.0,Debit Card
390,607,363,741,2024-03-15,Pending,282.0,Credit Card
391,898,1028,575,2024-03-05,Delivered,82.0,PayPal
392,955,1096,337,2024-05-25,Delivered,115.0,PayPal
393,900,585,398,2024-03-22,Shipped,504.0,Debit Card
394,1033,1277,56,2024-03-19,Shipped,231.0,Credit Card
395,552,151,269,2024-03-03,Delivered,703.0,Bank Transfer
396,1085,401,1284,2024-03-25,Shipped,282.0,Debit Card
397,52,959,487,2024-01-30,Cancelled,394.0,Debit Card
398,757,419,634,2024-04-08,Delivered,540.0,Debit Card
399,207,238,498,2024-01-22,Pending,33.0,Bank Transfer
400,553,12,35,2024-01-05,Pending,870.0,PayPal
401,952,56,84,2024-05-20,Cancelled,92.0,PayPal
402,565,1292,285,2024-05-18,Delivered,172.0,Debit Card
403,126,422,193,2024-05-16,Shipped,365.0,Bank Transfer
404,117,63,133,2024-04-12,Cancelled,937.0,PayPal
405,755,1160,798,2024-03-05,Delivered,493.0,Bank Transfer
406,1288,80,827,2024-02-09,Cancelled,300.0,PayPal
407,517,600,51,2024-04-06,Pending,433.0,PayPal
408,1118,835,1059,2024-02-01,Shipped,529.0,PayPal
409,1041,1201,350,2024-01-30,Shipped,612.0,PayPal
410,20,495,1057,2024-04-10,Cancelled,816.0,Bank Transfer
411,910,1088,173,2024-05-19,Pending,126.0,Bank Transfer
412,422,746,612,2024-03-08,Shipped,702.0,PayPal
413,676,964,699,2024-02-20,Shipped,506.0,Credit Card
414,29,986,711,2024-04-05,Pending,510.0,Debit Card
415,790,160,172,2024-03-26,Cancelled,713.0,Debit Card
416,126,632,1150,2024-05-13,Shipped,319.0,Bank Transfer
417,912,705,59,2024-03-23,Pending,570.0,Credit Card
418,357,491,799,2024-04-20,Shipped,821.0,Bank Transfer
419,788,108,1074,2024-02-09,Pending,999.0,Bank Transfer
420,460,132,719,2024-03-02,Delivered,150.0,Credit Card
421,727,701,429,2024-02-27,Pending,68.0,Bank Transfer
422,61,888,177,2024-04-05,Shipped,886.0,PayPal
423,1253,684,1060,2024-04-12,Delivered,80.0,Bank Transfer
424,777,212,558,2024-01-25,Pending,852.0,Bank Transfer
425,1061,501,1255,2024-02-06,Cancelled,968.0,PayPal
426,210,1014,337,2024-05-10,Cancelled,71.0,Credit Card
427,920,416,107,2024-02-17,Shipped,174.0,Credit Card
428,655,1177,1083,2024-05-21,Delivered,29.0,Credit Card
429,144,429,374,2024-05-07,Delivered,490.0,Debit Card
430,1290,1151,429,2024-05-22,Cancelled,16.0,Bank Transfer
431,258,42,1284,2024-03-10,Pending,8.0,Bank Transfer
432,526,447,202,2024-01-23,Delivered,453.0,Bank Transfer
433,724,1129,238,2024-02-20,Shipped,978.0,PayPal
434,861,8,518,2024-02-17,Cancelled,831.0,PayPal
435,376,451,536,2024-05-03,Pending,193.0,Bank Transfer
436,646,1211,1164,2024-04-24,Shipped,325.0,Debit Card
437,201,1148,185,2024-05-25,Cancelled,764.0,PayPal
438,599,174,696,2024-04-20,Delivered,587.0,PayPal
439,1294,625,1187,2024-01-11,Cancelled,869.0,Credit Card
440,442,947,1231,2024-05-10,Pending,634.0,Bank Transfer
441,1187,394,684,2024-04-09,Pending,490.0,Debit Card
442,589,1039,106,2024-01-16,Pending,274.0,Bank Transfer
443,508,128,141,2024-01-26,Delivered,340.0,Credit Card
444,423,565,1185,2024-02-28,Delivered,562.0,PayPal
445,222,778,567,2024-01-02,Pending,170.0,Bank Transfer
446,19,1089,631,2024-05-23,Cancelled,340.0,Credit Card
447,1098,572,805,2024-03-18,Delivered,925.0,Debit Card
448,762,620,525,2024-03-22,Cancelled,37.0,PayPal
449,1282,15,979,2024-03-21,Delivered,396.0,Debit Card
450,400,805,434,2024-04-18,Cancelled,157.0,Credit Card
451,675,404,847,2024-04-07,Shipped,232.0,Bank Transfer
452,414,252,993,2024-05-25,Cancelled,337.0,Debit Card
453,437,388,766,2024-04-16,Cancelled,635.0,Credit Card
454,779,833,328,2024-03-12,Cancelled,588.0,PayPal
455,914,504,375,2024-02-06,Cancelled,787.0,PayPal
456,55,934,702,2024-02-17,Delivered,354.0,PayPal
457,1196,620,81,2024-02-08,Pending,648.0,PayPal
458,823,200,1268,2024-04-20,Delivered,571.0,PayPal
459,153,1140,604,2024-02-12,Delivered,419.0,Credit Card
460,92,223,591,2024-01-13,Pending,630.0,Credit Card
461,72,775,246,2024-05-10,Delivered,451.0,PayPal
462,917,1261,534,2024-01-07,Cancelled,702.0,Bank Transfer
463,817,1069,470,2024-05-25,Delivered,209.0,PayPal
464,1048,61,241,2024-04-21,Cancelled,773.0,Bank Transfer
465,395,301,775,2024-02-16,Delivered,133.0,Debit Card
466,368,451,917,2024-05-25,Pending,659.0,Debit Card
467,928,1284,598,2024-04-20,Cancelled,346.0,Bank Transfer
468,571,741,565,2024-02-17,Pending,673.0,Debit Card
469,50,538,96,2024-01-27,Shipped,102.0,Bank Transfer
470,1250,117,875,2024-02-23,Shipped,9.0,PayPal
471,295,1038,40,2024-01-16,Shipped,891.0,Credit Card
472,688,1137,357,2024-01-31,Pending,769.0,Bank Transfer
473,1164,639,477,2024-05-05,Shipped,232.0,PayPal
474,1130,670,220,2024-03-30,Cancelled,95.0,Credit Card
475,869,360,446,2024-04-30,Shipped,957.0,Debit Card
476,301,781,872,2024-05-22,Pending,638.0,Credit Card
477,1298,597,1096,2024-02-19,Cancelled,912.0,PayPal
478,609,379,986,2024-02-06,Cancelled,133.0,Credit Card
479,268,1171,712,2024-01-01,Pending,37.0,Bank Transfer
480,165,124,1231,2024-05-05,Delivered,263.0,Bank Transfer
481,94,86,689,2024-05-10,Cancelled,601.0,Bank Transfer
482,76,86,70,2024-05-03,Pending,3.0,Debit Card
483,898,450,738,2024-03-28,Cancelled,29.0,Credit Card
484,623,924,987,2024-05-11,Delivered,48.0,Debit Card
485,587,1051,1101,2024-04-28,Cancelled,918.0,PayPal
486,27,399,103,2024-03-10,Pending,0.0,Credit Card
487,112,685,931,2024-04-09,Shipped,926.0,Debit Card
488,935,917,572,2024-04-21,Pending,896.0,Bank Transfer
489,506,302,1126,2024-01-03,Shipped,865.0,Bank Transfer
490,1240,247,67,2024-04-29,Delivered,233.0,Bank Transfer
491,758,193,876,2024-03-29,Delivered,369.0,PayPal
492,1264,470,161,2024-01-30,Pending,902.0,Bank Transfer
493,729,116,832,2024-03-24,Delivered,971.0,Bank Transfer
494,388,274,668,2024-05-09,Delivered,822.0,Debit Card
495,71,406,714,2024-03-30,Pending,16.0,Debit Card
496,268,890,1076,2024-03-30,Cancelled,751.0,Credit Card
497,840,16,422,2024-04-13,Pending,973.0,Bank Transfer
498,972,77,1121,2024-01-19,Pending,751.0,PayPal
499,1274,1270,675,2024-02-27,Pending,678.0,Credit Card
500,786,1061,19,2024-04-29,Delivered,42.0,Bank Transfer
501,774,642,928,2024-03-31,Shipped,823.0,Debit Card
502,1150,854,341,2024-01-17,Delivered,840.0,Bank Transfer
503,1029,335,97,2024-05-05,Delivered,781.0,PayPal
504,976,56,1050,2024-03-15,Shipped,131.0,Bank Transfer
505,148,1175,849,2024-03-05,Delivered,158.0,Credit Card
506,930,394,701,2024-05-12,Cancelled,450.0,Credit Card
507,445,1018,164,2024-02-17,Shipped,261.0,Credit Card
508,859,25,1019,2024-05-10,Delivered,165.0,Bank Transfer
509,36,1205,99,2024-02-01,Cancelled,454.0,Credit Card
510,760,95,697,2024-03-04,Cancelled,437.0,Credit Card
511,725,629,1117,2024-03-01,Pending,365.0,Credit Card
512,428,234,865,2024-05-13,Delivered,650.0,Debit Card
513,1002,1248,348,2024-03-13,Pending,155.0,PayPal
514,444,1050,909,2024-05-07,Shipped,599.0,Debit Card
515,295,803,525,2024-04-02,Shipped,245.0,PayPal
516,1205,488,317,2024-02-12,Delivered,727.0,Debit Card
517,1063,311,637,2024-03-06,Cancelled,746.0,Bank Transfer
518,895,304,720,2024-04-13,Delivered,315.0,Debit Card
519,915,573,290,2024-02-04,Delivered,9.0,Credit Card
520,1298,634,1072,2024-02-05,Delivered,389.0,Credit Card
521,356,447,917,2024-04-11,Shipped,711.0,Debit Card
522,409,85,1060,2024-03-03,Pending,381.0,Debit Card
523,826,185,209,2024-04-20,Pending,383.0,Bank Transfer
524,581,343,51,2024-01-10,Shipped,725.0,Bank Transfer
525,935,539,570,2024-01-03,Cancelled,495.0,PayPal
526,28,1111,411,2024-05-11,Pending,861.0,PayPal
527,627,516,387,2024-04-07,Cancelled,703.0,Debit Card
528,723,600,194,2024-05-26,Shipped,377.0,Credit Card
529,892,1155,1254,2024-05-24,Pending,162.0,Debit Card
530,146,375,1096,2024-05-16,Cancelled,479.0,Credit Card
531,379,1083,908,2024-01-18,Shipped,123.0,PayPal
532,1191,727,1008,2024-03-28,Cancelled,516.0,PayPal
533,664,829,354,2024-02-15,Cancelled,856.0,PayPal
534,565,106,69,2024-01-17,Pending,132.0,Bank Transfer
535,740,1189,1061,2024-02-02,Delivered,130.0,PayPal
536,556,152,485,2024-03-13,Shipped,340.0,PayPal
537,261,139,825,2024-01-24,Delivered,869.0,PayPal
538,473,222,943,2024-03-03,Pending,476.0,Bank Transfer
539,989,766,606,2024-01-04,Cancelled,272.0,Bank Transfer
540,871,566,279,2024-01-17,Shipped,18.0,Debit Card
541,522,773,1161,2024-05-08,Pending,237.0,Bank Transfer
542,1129,1160,862,2024-04-16,Shipped,219.0,Debit Card
543,207,774,705,2024-04-09,Shipped,331.0,Credit Card
544,1030,1043,1247,2024-03-04,Delivered,795.0,PayPal
545,588,1105,924,2024-03-25,Cancelled,91.0,Debit Card
546,402,1277,1261,2024-03-06,Shipped,72.0,Credit Card
547,183,871,257,2024-01-14,Delivered,97.0,PayPal
548,729,323,456,2024-01-04,Pending,421.0,Credit Card
549,66,985,1087,2024-05-15,Delivered,304.0,Bank Transfer
550,434,242,694,2024-01-25,Delivered,428.0,Debit Card
551,909,886,612,2024-02-14,Delivered,85.0,Credit Card
552,131,35,675,2024-05-19,Delivered,520.0,Credit Card
553,738,582,1030,2024-05-25,Pending,456.0,PayPal
554,1293,971,1024,2024-03-24,Shipped,759.0,PayPal
555,952,59,458,2024-05-09,Delivered,15.0,Credit Card
556,278,62,254,2024-04-28,Shipped,798.0,Credit Card
557,813,1178,833,2024-01-04,Shipped,868.0,PayPal
558,170,117,708,2024-02-27,Cancelled,761.0,Debit Card
559,1281,735,751,2024-02-08,Delivered,386.0,PayPal
560,27,1179,492,2024-04-19,Cancelled,647.0,Credit Card
561,445,420,855,2024-03-16,Delivered,463.0,Debit Card
562,1012,771,760,2024-01-29,Cancelled,699.0,Debit Card
563,421,875,214,2024-05-16,Pending,531.0,Bank Transfer
564,1237,1135,700,2024-01-14,Cancelled,718.0,Bank Transfer
565,556,983,659,2024-05-02,Delivered,142.0,Bank Transfer
566,969,1284,1159,2024-01-04,Delivered,435.0,Credit Card
567,1054,1200,243,2024-01-26,Shipped,898.0,PayPal
568,821,339,1108,2024-01-06,Cancelled,891.0,PayPal
569,382,1128,120,2024-02-15,Cancelled,818.0,Debit Card
570,639,1041,939,2024-05-18,Delivered,238.0,Credit Card
571,736,495,1277,2024-01-11,Shipped,143.0,Credit Card
572,663,662,950,2024-02-21,Delivered,922.0,Credit Card
573,342,353,795,2024-05-14,Pending,160.0,Credit Card
574,17,1233,370,2024-05-22,Delivered,550.0,Credit Card
575,636,1256,223,2024-01-18,Shipped,86.0,Credit Card
576,90,1144,915,2024-03-28,Delivered,551.0,PayPal
577,1283,707,835,2024-02-26,Shipped,259.0,PayPal
578,650,599,814,2024-03-07,Cancelled,70.0,PayPal
579,950,1177,48,2024-01-23,Cancelled,802.0,PayPal
580,9,283,1041,2024-04-08,Delivered,857.0,Credit Card
581,1001,1282,404,2024-04-19,Cancelled,456.0,Credit Card
582,187,691,1283,2024-03-31,Delivered,598.0,Bank Transfer
583,212,1287,917,2024-05-01,Pending,744.0,Debit Card
584,185,107,1269,2024-02-26,Delivered,409.0,Credit Card
585,58,1133,1072,2024-04-20,Delivered,377.0,Credit Card
586,334,462,1047,2024-03-08,Shipped,261.0,PayPal
587,1139,66,499,2024-03-25,Delivered,387.0,PayPal
588,442,223,104,2024-05-16,Cancelled,43.0,PayPal
589,1224,750,243,2024-04-07,Shipped,58.0,PayPal
590,1153,970,727,2024-04-22,Pending,242.0,PayPal
591,438,743,813,2024-02-20,Delivered,557.0,Debit Card
592,952,214,496,2024-03-11,Cancelled,209.0,Credit Card
593,143,781,501,2024-03-09,Shipped,811.0,Credit Card
594,340,429,159,2024-02-02,Pending,672.0,Debit Card
595,1208,844,1010,2024-04-13,Delivered,539.0,Bank Transfer
596,601,27,1228,2024-01-01,Pending,441.0,Credit Card
597,1083,851,18,2024-02-12,Shipped,451.0,Bank Transfer
598,1078,743,1015,2024-03-26,Shipped,229.0,Debit Card
599,863,337,439,2024-04-11,Cancelled,191.0,Debit Card
600,29,56,1154,2024-04-20,Shipped,861.0,PayPal
601,1238,430,1041,2024-03-02,Shipped,220.0,Debit Card
602,1059,439,871,2024-03-24,Pending,588.0,Debit Card
603,302,615,135,2024-04-03,Delivered,518.0,Bank Transfer
604,1090,47,1226,2024-02-06,Shipped,567.0,Debit Card
605,425,1111,237,2024-02-04,Cancelled,380.0,Debit Card
606,809,945,1204,2024-05-25,Delivered,391.0,PayPal
607,940,443,1127,2024-05-14,Pending,251.0,Bank Transfer
608,1206,441,822,2024-04-28,Pending,474.0,Bank Transfer
609,554,573,1230,2024-03-27,Shipped,483.0,Bank Transfer
610,749,233,422,2024-05-01,Delivered,396.0,Bank Transfer
611,8,1238,445,2024-03-13,Pending,568.0,Debit Card
612,40,982,1239,2024-01-22,Cancelled,209.0,Credit Card
613,1079,747,217,2024-05-09,Cancelled,581.0,Debit Card
614,947,1165,883,2024-04-04,Shipped,30.0,Debit Card
615,440,1054,688,2024-04-07,Cancelled,13.0,PayPal
616,137,982,387,2024-05-17,Cancelled,803.0,Credit Card
617,1231,590,181,2024-03-29,Delivered,294.0,Debit Card
618,217,574,303,2024-04-07,Cancelled,687.0,Bank Transfer
619,343,1082,307,2024-01-08,Delivered,288.0,PayPal
620,447,478,638,2024-04-22,Cancelled,64.0,Bank Transfer
621,327,280,1281,2024-02-17,Cancelled,575.0,Bank Transfer
622,3,982,821,2024-05-20,Pending,24.0,Credit Card
623,797,372,102,2024-04-12,Delivered,740.0,Bank Transfer
624,847,1180,223,2024-01-12,Shipped,644.0,Debit Card
625,336,965,908,2024-05-02,Delivered,958.0,Bank Transfer
626,1243,690,1254,2024-05-12,Pending,302.0,Debit Card
627,69,1211,53,2024-02-10,Pending,400.0,Credit Card
628,493,640,963,2024-04-05,Cancelled,172.0,Bank Transfer
629,813,1116,156,2024-03-10,Delivered,987.0,PayPal
630,633,222,1101,2024-05-04,Shipped,891.0,Bank Transfer
631,1046,840,355,2024-02-01,Cancelled,683.0,PayPal
632,1295,1,412,2024-05-09,Pending,32.0,Bank Transfer
633,1231,1298,1104,2024-04-11,Shipped,610.0,Credit Card
634,976,264,41,2024-04-01,Cancelled,477.0,Debit Card
635,674,592,669,2024-02-02,Delivered,834.0,PayPal
636,662,293,577,2024-04-20,Shipped,688.0,Debit Card
637,964,986,1118,2024-01-31,Shipped,180.0,Debit Card
638,1182,51,998,2024-01-31,Cancelled,3.0,Debit Card
639,138,876,130,2024-03-27,Cancelled,596.0,PayPal
640,609,726,946,2024-04-19,Cancelled,466.0,Bank Transfer
641,901,808,288,2024-04-12,Pending,187.0,PayPal
642,1158,114,811,2024-02-16,Delivered,791.0,Credit Card
643,1170,532,1219,2024-03-22,Shipped,285.0,Bank Transfer
644,390,802,529,2024-01-28,Shipped,27.0,Credit Card
645,275,403,764,2024-01-24,Cancelled,173.0,PayPal
646,640,198,172,2024-02-06,Pending,583.0,Bank Transfer
647,1148,663,324,2024-04-26,Delivered,896.0,Bank Transfer
648,482,193,674,2024-03-21,Delivered,120.0,Bank Transfer
649,1085,791,34,2024-04-06,Pending,472.0,Bank Transfer
650,759,678,936,2024-03-20,Shipped,840.0,PayPal
651,1058,588,363,2024-04-18,Delivered,249.0,Credit Card
652,203,593,248,2024-02-12,Cancelled,934.0,Bank Transfer
653,884,1042,642,2024-04-12,Shipped,988.0,Bank Transfer
654,1023,964,354,2024-04-09,Delivered,906.0,Bank Transfer
655,389,1123,10,2024-02-20,Delivered,715.0,Debit Card
656,1195,454,517,2024-04-24,Shipped,272.0,Debit Card
657,80,828,244,2024-01-22,Pending,133.0,Credit Card
658,942,1112,1202,2024-05-10,Cancelled,866.0,Credit Card
659,206,1258,570,2024-03-28,Cancelled,993.0,Credit Card
660,448,1060,1138,2024-04-26,Cancelled,972.0,Bank Transfer
661,978,732,4,2024-05-09,Cancelled,749.0,Debit Card
662,1117,672,273,2024-03-16,Delivered,682.0,Bank Transfer
663,1102,671,747,2024-04-06,Pending,791.0,PayPal
664,583,1221,333,2024-02-03,Cancelled,669.0,Bank Transfer
665,1115,8,1027,2024-05-10,Cancelled,252.0,Bank Transfer
666,837,1127,1228,2024-02-11,Cancelled,893.0,Debit Card
667,716,790,631,2024-03-27,Shipped,363.0,Credit Card
668,846,1167,702,2024-01-10,Pending,861.0,PayPal
669,105,1026,902,2024-04-01,Shipped,15.0,Credit Card
670,1003,638,121,2024-03-03,Pending,702.0,Debit Card
671,176,182,745,2024-04-13,Cancelled,483.0,Bank Transfer
672,949,170,1287,2024-05-05,Cancelled,397.0,Bank Transfer
673,1065,154,5,2024-05-10,Delivered,617.0,PayPal
674,980,49,133,2024-03-24,Shipped,75.0,PayPal
675,1145,486,719,2024-03-10,Shipped,323.0,Credit Card
676,435,599,1076,2024-04-01,Cancelled,881.0,Credit Card
677,932,865,666,2024-01-07,Delivered,706.0,Bank Transfer
678,133,947,475,2024-05-07,Cancelled,147.0,Debit Card
679,893,269,653,2024-02-11,Cancelled,754.0,Credit Card
680,337,86,1064,2024-05-18,Delivered,635.0,PayPal
681,1005,904,421,2024-03-20,Cancelled,92.0,PayPal
682,1138,260,147,2024-03-19,Cancelled,75.0,Debit Card
683,1127,757,790,2024-04-12,Cancelled,281.0,Credit Card
684,544,740,1166,2024-05-20,Cancelled,671.0,Bank Transfer
685,1191,491,455,2024-02-24,Delivered,605.0,Credit Card
686,909,459,1132,2024-03-27,Pending,508.0,Debit Card
687,424,1091,806,2024-01-30,Delivered,252.0,Credit Card
688,149,432,126,2024-02-09,Pending,493.0,Bank Transfer
689,948,880,519,2024-03-08,Delivered,744.0,Debit Card
690,146,726,259,2024-01-19,Pending,428.0,Bank Transfer
691,120,738,108,2024-04-09,Cancelled,860.0,Credit Card
692,1016,179,713,2024-05-02,Delivered,878.0,Credit Card
693,880,1216,1218,2024-04-20,Shipped,731.0,Credit Card
694,1023,1270,1012,2024-03-18,Pending,271.0,Credit Card
695,166,726,778,2024-01-11,Pending,581.0,Credit Card
696,1196,834,757,2024-04-27,Pending,589.0,Bank Transfer
697,380,184,227,2024-01-15,Pending,282.0,Credit Card
698,683,1263,103,2024-02-25,Delivered,317.0,Debit Card
699,1011,389,393,2024-04-03,Delivered,514.0,Credit Card
700,808,210,1088,2024-04-20,Pending,838.0,Debit Card
701,300,1048,1145,2024-01-03,Cancelled,977.0,Credit Card
702,514,1226,240,2024-03-12,Pending,430.0,PayPal
703,546,749,73,2024-02-29,Shipped,789.0,Debit Card
704,852,627,896,2024-05-07,Delivered,56.0,PayPal
705,824,925,642,2024-03-31,Shipped,981.0,PayPal
706,120,308,700,2024-04-07,Shipped,639.0,PayPal
707,1255,149,81,2024-05-24,Delivered,130.0,PayPal
708,653,1228,539,2024-01-18,Cancelled,85.0,Credit Card
709,968,45,847,2024-03-14,Delivered,886.0,PayPal
710,725,981,1152,2024-03-31,Delivered,417.0,PayPal
711,916,227,1075,2024-01-01,Delivered,123.0,PayPal
712,1116,711,790,2024-01-04,Pending,685.0,Debit Card
713,177,183,117,2024-05-25,Shipped,454.0,Debit Card
714,491,242,1186,2024-01-06,Cancelled,46.0,Bank Transfer
715,1083,875,822,2024-04-05,Cancelled,91.0,PayPal
716,960,314,1099,2024-05-13,Cancelled,991.0,Debit Card
717,1013,216,835,2024-04-21,Delivered,755.0,Bank Transfer
718,817,168,1238,2024-04-24,Delivered,554.0,Bank Transfer
719,580,1082,407,2024-05-02,Shipped,947.0,PayPal
720,927,807,1057,2024-01-10,Pending,902.0,Bank Transfer
721,519,93,636,2024-04-27,Shipped,677.0,Bank Transfer
722,101,338,1195,2024-02-18,Shipped,445.0,Credit Card
723,294,49,725,2024-04-28,Shipped,545.0,Debit Card
724,1134,740,841,2024-01-13,Delivered,379.0,PayPal
725,420,283,658,2024-04-10,Shipped,948.0,Bank Transfer
726,1155,1129,19,2024-02-11,Pending,845.0,Debit Card
727,1117,926,1242,2024-01-28,Cancelled,109.0,Debit Card
728,592,861,644,2024-05-13,Delivered,533.0,Debit Card
729,869,665,331,2024-01-08,Cancelled,500.0,Debit Card
730,681,271,1064,2024-01-09,Cancelled,365.0,Bank Transfer
731,257,1092,330,2024-03-16,Pending,960.0,Debit Card
732,1137,193,621,2024-05-05,Cancelled,539.0,Credit Card
733,25,769,1185,2024-02-25,Delivered,768.0,PayPal
734,1262,599,1066,2024-02-16,Cancelled,515.0,Debit Card
735,188,827,325,2024-03-28,Pending,100.0,Credit Card
736,818,685,481,2024-02-03,Shipped,59.0,Credit Card
737,543,542,320,2024-01-27,Delivered,879.0,PayPal
738,1195,1115,537,2024-02-03,Pending,679.0,Credit Card
739,541,236,62,2024-01-19,Shipped,423.0,Bank Transfer
740,955,381,990,2024-01-30,Cancelled,105.0,Bank Transfer
741,831,232,780,2024-02-07,Shipped,684.0,PayPal
742,371,710,805,2024-05-17,Shipped,441.0,Bank Transfer
743,406,904,1043,2024-05-03,Delivered,439.0,Debit Card
744,1021,1137,894,2024-03-09,Pending,456.0,PayPal
745,1011,700,810,2024-04-01,Shipped,229.0,Bank Transfer
746,1004,809,14,2024-01-05,Shipped,966.0,PayPal
747,1132,147,849,2024-02-24,Cancelled,129.0,Credit Card
748,801,447,1238,2024-04-11,Pending,692.0,Debit Card
749,13,1027,19,2024-05-05,Cancelled,934.0,Debit Card
750,382,758,1230,2024-03-16,Shipped,642.0,Debit Card
751,968,877,1056,2024-01-08,Pending,721.0,Debit Card
752,441,756,197,2024-04-24,Shipped,557.0,Debit Card
753,772,1009,344,2024-04-20,Delivered,818.0,Debit Card
754,253,567,1098,2024-04-08,Delivered,589.0,PayPal
755,1278,498,867,2024-01-08,Pending,212.0,Bank Transfer
756,27,777,1273,2024-01-24,Shipped,12.0,Debit Card
757,555,113,445,2024-02-12,Cancelled,712.0,Credit Card
758,1086,65,552,2024-01-14,Delivered,514.0,Bank Transfer
759,1206,746,683,2024-03-22,Pending,83.0,Bank Transfer
760,649,1222,108,2024-05-15,Shipped,142.0,Bank Transfer
761,883,357,674,2024-01-01,Cancelled,297.0,Bank Transfer
762,1225,888,874,2024-03-01,Delivered,377.0,PayPal
763,122,1253,339,2024-05-05,Delivered,295.0,Bank Transfer
764,499,983,269,2024-02-04,Delivered,815.0,Credit Card
765,737,679,5,2024-01-14,Cancelled,959.0,Bank Transfer
766,1195,510,327,2024-02-09,Pending,74.0,Debit Card
767,215,1039,921,2024-04-18,Shipped,284.0,Bank Transfer
768,429,292,660,2024-03-08,Pending,13.0,PayPal
769,148,11,952,2024-02-16,Delivered,205.0,PayPal
770,203,25,654,2024-03-16,Delivered,821.0,Debit Card
771,844,236,1237,2024-05-04,Shipped,150.0,PayPal
772,38,204,420,2024-04-04,Shipped,885.0,PayPal
773,161,770,583,2024-01-13,Shipped,215.0,Bank Transfer
774,628,956,1253,2024-05-18,Pending,827.0,PayPal
775,843,11,924,2024-02-28,Cancelled,304.0,Bank Transfer
776,913,1208,1280,2024-01-23,Delivered,421.0,Bank Transfer
777,402,434,1078,2024-03-23,Shipped,296.0,Debit Card
778,553,506,452,2024-04-28,Pending,335.0,Debit Card
779,1188,1192,501,2024-03-04,Pending,776.0,PayPal
780,258,948,353,2024-01-24,Pending,829.0,Bank Transfer
781,1293,489,638,2024-02-18,Delivered,511.0,Credit Card
782,186,756,970,2024-02-08,Shipped,356.0,PayPal
783,1079,625,114,2024-02-21,Cancelled,957.0,PayPal
784,113,435,560,2024-05-05,Delivered,307.0,Bank Transfer
785,721,35,554,2024-05-25,Cancelled,521.0,Debit Card
786,289,62,520,2024-03-18,Delivered,233.0,Debit Card
787,579,567,365,2024-02-01,Shipped,272.0,Credit Card
788,748,176,1210,2024-02-24,Shipped,930.0,PayPal
789,273,515,635,2024-02-19,Shipped,694.0,PayPal
790,1297,429,618,2024-05-26,Delivered,831.0,Bank Transfer
791,1232,66,1249,2024-04-25,Cancelled,335.0,PayPal
792,648,1285,1142,2024-01-06,Delivered,922.0,Debit Card
793,327,1247,422,2024-01-10,Delivered,839.0,Debit Card
794,327,76,301,2024-05-04,Shipped,600.0,Debit Card
795,400,927,1101,2024-01-18,Cancelled,988.0,Bank Transfer
796,1300,298,1017,2024-02-12,Shipped,796.0,Debit Card
797,347,1063,808,2024-04-14,Delivered,643.0,Debit Card
798,224,58,1103,2024-01-05,Pending,467.0,Bank Transfer
799,152,1020,1065,2024-01-26,Pending,723.0,Credit Card
800,971,617,1283,2024-01-04,Delivered,501.0,Bank Transfer
801,61,1236,1117,2024-02-17,Pending,864.0,Bank Transfer
802,818,285,1210,2024-03-17,Shipped,3.0,Debit Card
803,370,1033,271,2024-04-30,Cancelled,995.0,Debit Card
804,159,825,1220,2024-01-10,Cancelled,335.0,Debit Card
805,264,369,74,2024-04-02,Cancelled,476.0,Debit Card
806,1269,495,1156,2024-01-19,Cancelled,193.0,Bank Transfer
807,941,933,634,2024-03-30,Pending,726.0,Bank Transfer
808,1065,533,509,2024-02-07,Cancelled,440.0,Bank Transfer
809,1040,858,449,2024-04-14,Delivered,848.0,Bank Transfer
810,307,883,417,2024-03-11,Cancelled,458.0,Credit Card
811,366,674,1049,2024-02-20,Delivered,366.0,PayPal
812,421,330,481,2024-05-18,Shipped,35.0,PayPal
813,12,483,207,2024-05-02,Shipped,223.0,Debit Card
814,394,945,1034,2024-04-06,Pending,565.0,Bank Transfer
815,535,812,92,2024-03-30,Cancelled,752.0,Credit Card
816,162,577,120,2024-01-25,Shipped,283.0,Credit Card
817,639,1254,1100,2024-01-05,Pending,986.0,Bank Transfer
818,217,438,176,2024-02-18,Pending,855.0,PayPal
819,77,1284,77,2024-03-28,Pending,46.0,Credit Card
820,663,512,276,2024-03-04,Delivered,359.0,Bank Transfer
821,704,81,317,2024-02-15,Delivered,773.0,Debit Card
822,1099,707,188,2024-02-03,Shipped,325.0,Debit Card
823,1172,772,580,2024-04-01,Delivered,445.0,PayPal
824,77,693,71,2024-05-02,Delivered,835.0,Debit Card
825,1135,266,1136,2024-05-05,Delivered,338.0,Debit Card
826,1020,378,256,2024-01-18,Delivered,753.0,Debit Card
827,104,520,468,2024-03-13,Cancelled,990.0,Debit Card
828,240,116,215,2024-02-16,Shipped,457.0,Credit Card
829,404,1258,227,2024-02-28,Cancelled,454.0,Credit Card
830,176,1209,122,2024-05-22,Pending,454.0,Credit Card
831,205,528,1264,2024-01-03,Pending,434.0,Bank Transfer
832,805,780,608,2024-05-13,Pending,540.0,PayPal
833,111,772,826,2024-03-17,Pending,119.0,Credit Card
834,86,156,513,2024-01-23,Pending,96.0,PayPal
835,519,917,620,2024-04-30,Delivered,870.0,Debit Card
836,410,903,459,2024-02-28,Shipped,282.0,PayPal
837,1158,1073,1132,2024-05-02,Delivered,35.0,Credit Card
838,330,641,928,2024-04-18,Pending,943.0,Credit Card
839,856,482,384,2024-04-30,Pending,186.0,Bank Transfer
840,835,618,248,2024-01-11,Cancelled,246.0,PayPal
841,1103,363,625,2024-03-18,Pending,92.0,Credit Card
842,53,130,907,2024-04-09,Pending,108.0,PayPal
843,1009,899,197,2024-01-10,Pending,242.0,PayPal
844,240,892,440,2024-01-13,Delivered,388.0,Credit Card
845,209,1290,55,2024-01-20,Cancelled,730.0,PayPal
846,1046,444,654,2024-01-13,Cancelled,920.0,Credit Card
847,1256,1257,1177,2024-02-20,Shipped,948.0,Debit Card
848,808,1264,393,2024-02-29,Shipped,566.0,Bank Transfer
849,685,101,1115,2024-05-22,Shipped,426.0,PayPal
850,695,240,184,2024-01-26,Pending,356.0,Bank Transfer
851,965,749,547,2024-02-10,Cancelled,529.0,PayPal
852,455,55,224,2024-01-17,Shipped,214.0,Credit Card
853,376,63,543,2024-01-31,Cancelled,772.0,Debit Card
854,560,272,317,2024-04-07,Cancelled,140.0,PayPal
855,936,675,801,2024-05-04,Cancelled,984.0,Debit Card
856,1016,199,453,2024-05-23,Delivered,609.0,Debit Card
857,317,648,97,2024-02-05,Cancelled,655.0,PayPal
858,659,789,39,2024-01-07,Cancelled,479.0,Debit Card
859,623,469,66,2024-03-25,Pending,188.0,Credit Card
860,723,711,1,2024-05-22,Shipped,891.0,PayPal
861,867,752,53,2024-04-21,Shipped,474.0,PayPal
862,665,385,910,2024-03-11,Delivered,524.0,Credit Card
863,486,249,304,2024-01-06,Delivered,935.0,Debit Card
864,255,1107,269,2024-04-19,Delivered,847.0,Bank Transfer
865,1047,984,1032,2024-05-18,Shipped,930.0,PayPal
866,893,969,214,2024-01-18,Delivered,987.0,Credit Card
867,553,1140,1121,2024-02-16,Shipped,268.0,Debit Card
868,517,344,928,2024-03-28,Pending,722.0,Debit Card
869,617,851,1096,2024-01-23,Cancelled,876.0,Credit Card
870,252,20,1262,2024-03-16,Pending,886.0,Bank Transfer
871,697,143,323,2024-04-01,Shipped,626.0,Bank Transfer
872,426,891,324,2024-01-11,Cancelled,878.0,Credit Card
873,1202,1286,1034,2024-03-06,Shipped,392.0,PayPal
874,1142,830,781,2024-04-19,Delivered,157.0,Debit Card
875,623,761,785,2024-05-24,Pending,801.0,Bank Transfer
876,841,1123,625,2024-03-15,Pending,754.0,Debit Card
877,1240,185,586,2024-04-17,Cancelled,653.0,PayPal
878,151,1057,133,2024-03-02,Delivered,134.0,PayPal
879,395,1042,221,2024-03-17,Pending,875.0,Bank Transfer
880,458,808,192,2024-03-15,Shipped,680.0,PayPal
881,500,320,587,2024-03-31,Pending,835.0,Bank Transfer
882,1092,693,265,2024-01-30,Pending,651.0,Debit Card
883,1073,621,745,2024-05-03,Delivered,866.0,Debit Card
884,869,436,1143,2024-01-30,Delivered,174.0,PayPal
885,843,952,1294,2024-01-03,Cancelled,582.0,Bank Transfer
886,887,129,96,2024-01-26,Shipped,389.0,PayPal
887,959,469,358,2024-05-25,Shipped,842.0,PayPal
888,819,780,68,2024-05-13,Cancelled,282.0,Bank Transfer
889,103,351,140,2024-05-09,Shipped,579.0,PayPal
890,706,626,1110,2024-05-07,Shipped,27.0,PayPal
891,278,750,1054,2024-01-18,Pending,945.0,Bank Transfer
892,406,681,1121,2024-04-13,Cancelled,448.0,PayPal
893,610,630,1230,2024-02-05,Shipped,876.0,Bank Transfer
894,729,155,286,2024-03-19,Cancelled,667.0,Debit Card
895,10,73,44,2024-04-16,Delivered,999.0,Credit Card
896,353,297,352,2024-03-22,Cancelled,185.0,Debit Card
897,154,510,1191,2024-01-16,Shipped,632.0,Debit Card
898,1293,229,466,2024-03-09,Shipped,364.0,PayPal
899,1299,393,754,2024-02-16,Cancelled,836.0,Credit Card
900,721,1074,729,2024-04-21,Delivered,84.0,Bank Transfer
901,599,215,946,2024-05-16,Delivered,22.0,Debit Card
902,604,998,140,2024-04-08,Shipped,649.0,Debit Card
903,531,363,344,2024-01-09,Delivered,172.0,Bank Transfer
904,346,748,295,2024-01-16,Shipped,220.0,Bank Transfer
905,939,708,519,2024-01-10,Pending,264.0,PayPal
906,1279,1113,126,2024-05-07,Cancelled,695.0,Bank Transfer
907,779,327,1260,2024-05-18,Delivered,736.0,Debit Card
908,450,90,524,2024-01-13,Cancelled,101.0,Debit Card
909,232,937,1228,2024-04-09,Shipped,199.0,Debit Card
910,1098,513,134,2024-03-30,Cancelled,236.0,PayPal
911,17,629,1086,2024-03-23,Pending,553.0,Credit Card
912,436,70,651,2024-05-05,Delivered,784.0,Debit Card
913,99,1032,812,2024-05-24,Cancelled,58.0,Bank Transfer
914,917,1039,334,2024-02-24,Cancelled,305.0,Bank Transfer
915,12,578,1266,2024-04-01,Pending,784.0,Bank Transfer
916,148,271,956,2024-05-01,Shipped,221.0,PayPal
917,803,802,802,2024-02-11,Shipped,174.0,Debit Card
918,824,412,1160,2024-03-14,Cancelled,514.0,Debit Card
919,1282,798,1040,2024-03-09,Cancelled,84.0,PayPal
920,452,652,605,2024-04-28,Shipped,929.0,Debit Card
921,839,749,46,2024-03-29,Delivered,347.0,Credit Card
922,1228,613,183,2024-04-24,Cancelled,15.0,Debit Card
923,1281,873,1013,2024-03-01,Shipped,615.0,PayPal
924,643,1147,562,2024-04-14,Delivered,278.0,Debit Card
925,660,1019,653,2024-01-19,Delivered,277.0,Credit Card
926,561,759,1055,2024-04-08,Delivered,967.0,Debit Card
927,786,773,247,2024-05-20,Pending,571.0,Bank Transfer
928,551,385,272,2024-05-07,Delivered,831.0,Credit Card
929,140,192,55,2024-05-26,Pending,252.0,PayPal
930,484,636,183,2024-01-09,Pending,6.0,Bank Transfer
931,518,211,704,2024-03-05,Shipped,926.0,Credit Card
932,225,536,866,2024-05-20,Shipped,606.0,Debit Card
933,73,754,305,2024-03-16,Delivered,116.0,Credit Card
934,77,320,606,2024-05-24,Shipped,549.0,Debit Card
935,1013,663,866,2024-03-11,Delivered,698.0,Bank Transfer
936,980,863,759,2024-02-22,Shipped,822.0,Debit Card
937,217,44,888,2024-03-09,Cancelled,469.0,PayPal
938,11,1211,58,2024-03-08,Shipped,855.0,Credit Card
939,1085,609,574,2024-03-05,Cancelled,49.0,Debit Card
940,750,1205,442,2024-03-06,Pending,177.0,Debit Card
941,92,173,281,2024-03-27,Shipped,176.0,Credit Card
942,542,409,983,2024-02-18,Cancelled,845.0,Debit Card
943,608,597,1101,2024-03-03,Pending,93.0,PayPal
944,763,660,732,2024-02-23,Pending,717.0,Credit Card
945,1122,1069,670,2024-02-13,Pending,499.0,PayPal
946,1031,551,15,2024-04-08,Cancelled,622.0,PayPal
947,443,738,6,2024-03-28,Pending,733.0,Bank Transfer
948,193,1125,885,2024-05-20,Pending,261.0,Bank Transfer
949,851,1088,181,2024-01-16,Pending,149.0,Debit Card
950,512,459,131,2024-02-29,Cancelled,955.0,Debit Card
951,840,1088,556,2024-01-25,Cancelled,163.0,Debit Card
952,100,680,1198,2024-04-11,Delivered,879.0,Credit Card
953,1295,122,116,2024-03-16,Delivered,308.0,Credit Card
954,238,701,52,2024-03-22,Shipped,373.0,Bank Transfer
955,1005,656,537,2024-05-20,Pending,107.0,PayPal
956,751,1136,830,2024-01-27,Cancelled,971.0,Credit Card
957,1227,146,1159,2024-02-24,Pending,758.0,Debit Card
958,104,881,290,2024-04-25,Shipped,607.0,Bank Transfer
959,673,376,1282,2024-04-20,Delivered,565.0,PayPal
960,137,653,520,2024-03-25,Cancelled,538.0,PayPal
961,841,724,623,2024-02-17,Delivered,49.0,PayPal
962,265,365,270,2024-04-27,Delivered,609.0,Credit Card
963,240,183,346,2024-04-30,Shipped,724.0,PayPal
964,769,273,333,2024-04-15,Shipped,976.0,Credit Card
965,1175,878,526,2024-03-21,Shipped,980.0,Debit Card
966,219,184,139,2024-03-08,Pending,288.0,Debit Card
967,1000,404,48,2024-05-22,Pending,98.0,Debit Card
968,890,441,788,2024-02-14,Cancelled,179.0,PayPal
969,119,1091,600,2024-05-06,Cancelled,459.0,Bank Transfer
970,242,717,408,2024-03-27,Shipped,809.0,PayPal
971,1114,1110,931,2024-02-21,Delivered,730.0,Credit Card
972,944,73,433,2024-02-23,Delivered,443.0,Bank Transfer
973,977,512,783,2024-01-26,Cancelled,59.0,Bank Transfer
974,429,808,287,2024-03-24,Pending,861.0,Bank Transfer
975,58,770,163,2024-04-16,Pending,173.0,Bank Transfer
976,26,305,1213,2024-05-08,Pending,180.0,PayPal
977,881,195,559,2024-05-22,Delivered,622.0,Bank Transfer
978,663,251,116,2024-03-02,Shipped,317.0,Bank Transfer
979,927,1233,568,2024-04-22,Cancelled,889.0,Debit Card
980,1017,251,1175,2024-02-15,Delivered,54.0,PayPal
981,1198,849,768,2024-01-15,Delivered,637.0,Credit Card
982,977,676,1018,2024-03-02,Cancelled,815.0,Bank Transfer
983,1157,1212,139,2024-03-12,Pending,624.0,PayPal
984,1214,403,970,2024-03-31,Pending,945.0,PayPal
985,1081,894,1270,2024-03-05,Shipped,494.0,PayPal
986,993,464,11,2024-05-10,Shipped,351.0,PayPal
987,381,1088,12,2024-04-15,Pending,409.0,Debit Card
988,677,698,718,2024-01-30,Pending,973.0,Bank Transfer
989,230,1049,692,2024-01-20,Delivered,360.0,PayPal
990,630,1111,54,2024-04-03,Shipped,1.0,Credit Card
991,818,898,486,2024-01-13,Pending,501.0,Debit Card
992,65,1127,999,2024-01-01,Shipped,407.0,Bank Transfer
993,1272,341,906,2024-04-24,Cancelled,845.0,Debit Card
994,723,104,198,2024-03-09,Pending,697.0,Credit Card
995,406,1260,773,2024-03-11,Cancelled,811.0,Bank Transfer
996,497,239,968,2024-03-11,Delivered,70.0,PayPal
997,1011,1131,1038,2024-01-19,Cancelled,828.0,Debit Card
998,698,587,973,2024-05-19,Pending,572.0,Bank Transfer
999,575,127,896,2024-04-30,Shipped,987.0,PayPal
1000,787,974,472,2024-01-22,Cancelled,717.0,Bank Transfer
1001,562,821,222,2024-01-23,Shipped,221.0,Debit Card
1002,369,325,244,2024-01-16,Delivered,331.0,PayPal
1003,502,221,1108,2024-04-04,Pending,525.0,Debit Card
1004,268,1128,587,2024-01-11,Pending,47.0,Credit Card
1005,242,397,1110,2024-01-21,Cancelled,572.0,Bank Transfer
1006,598,219,538,2024-05-04,Pending,671.0,Credit Card
1007,530,839,70,2024-02-20,Pending,361.0,Debit Card
1008,509,135,268,2024-05-12,Shipped,524.0,Debit Card
1009,717,1014,414,2024-02-11,Delivered,231.0,Bank Transfer
1010,39,458,201,2024-04-27,Shipped,171.0,Credit Card
1011,1299,989,33,2024-01-24,Pending,906.0,Credit Card
1012,981,798,762,2024-01-14,Pending,952.0,Credit Card
1013,15,44,21,2024-03-07,Cancelled,990.0,PayPal
1014,118,1000,824,2024-01-17,Shipped,339.0,Credit Card
1015,892,829,1125,2024-04-12,Cancelled,537.0,Bank Transfer
1016,347,907,778,2024-02-29,Cancelled,730.0,Debit Card
1017,1209,903,1102,2024-04-13,Cancelled,725.0,Bank Transfer
1018,1042,676,423,2024-03-07,Shipped,842.0,PayPal
1019,1161,959,37,2024-03-12,Shipped,720.0,Debit Card
1020,1013,1024,1252,2024-02-22,Shipped,482.0,Bank Transfer
1021,43,55,165,2024-02-13,Delivered,198.0,Debit Card
1022,773,140,333,2024-04-14,Pending,782.0,Credit Card
1023,601,548,703,2024-05-09,Delivered,694.0,Credit Card
1024,967,31,785,2024-03-05,Cancelled,171.0,Bank Transfer
1025,897,869,1201,2024-04-27,Shipped,527.0,Debit Card
1026,673,721,645,2024-03-17,Shipped,209.0,PayPal
1027,47,1068,280,2024-03-23,Delivered,194.0,Debit Card
1028,163,817,718,2024-01-28,Shipped,491.0,Bank Transfer
1029,414,339,151,2024-02-09,Shipped,573.0,Bank Transfer
1030,455,1045,962,2024-01-12,Pending,454.0,Bank Transfer
1031,88,762,584,2024-05-22,Cancelled,318.0,PayPal
1032,1104,451,360,2024-01-09,Shipped,83.0,Credit Card
1033,516,391,396,2024-03-27,Cancelled,666.0,Debit Card
1034,1291,339,1061,2024-03-04,Delivered,198.0,Bank Transfer
1035,671,782,202,2024-02-06,Cancelled,794.0,Debit Card
1036,733,756,404,2024-02-08,Cancelled,672.0,Bank Transfer
1037,656,113,1003,2024-03-06,Shipped,105.0,PayPal
1038,908,1222,896,2024-03-13,Pending,823.0,Debit Card
1039,220,1118,902,2024-02-17,Cancelled,428.0,PayPal
1040,501,1207,871,2024-03-24,Shipped,171.0,PayPal
1041,776,260,918,2024-01-22,Shipped,294.0,Bank Transfer
1042,1220,21,542,2024-03-05,Delivered,305.0,Bank Transfer
1043,1183,522,1047,2024-05-09,Cancelled,232.0,Debit Card
1044,807,1062,758,2024-03-03,Delivered,388.0,Credit Card
1045,1213,491,594,2024-05-13,Delivered,808.0,PayPal
1046,1124,320,1176,2024-01-02,Delivered,741.0,Debit Card
1047,1093,1148,1024,2024-01-13,Cancelled,636.0,Credit Card
1048,326,956,839,2024-02-20,Delivered,169.0,Credit Card
1049,884,651,462,2024-04-27,Pending,294.0,Credit Card
1050,238,24,807,2024-05-14,Pending,938.0,Debit Card
1051,510,985,207,2024-01-23,Shipped,493.0,Credit Card
1052,1268,1081,1023,2024-01-13,Cancelled,842.0,PayPal
1053,712,779,767,2024-04-07,Pending,146.0,Bank Transfer
1054,361,1188,340,2024-01-26,Cancelled,940.0,Debit Card
1055,943,983,763,2024-04-10,Cancelled,634.0,Debit Card
1056,234,1261,240,2024-04-14,Delivered,788.0,Credit Card
1057,33,746,283,2024-01-06,Cancelled,928.0,Debit Card
1058,1016,1090,1299,2024-04-03,Pending,813.0,Bank Transfer
1059,902,1013,504,2024-03-27,Delivered,728.0,PayPal
1060,623,118,1224,2024-01-30,Cancelled,740.0,PayPal
1061,1232,849,768,2024-05-10,Cancelled,272.0,Credit Card
1062,1106,968,188,2024-01-22,Pending,130.0,Credit Card
1063,992,511,35,2024-02-25,Pending,834.0,Bank Transfer
1064,748,627,1149,2024-02-07,Shipped,516.0,Bank Transfer
1065,153,1019,783,2024-05-08,Pending,188.0,PayPal
1066,279,557,229,2024-04-11,Shipped,478.0,Credit Card
1067,779,345,725,2024-05-20,Delivered,760.0,Debit Card
1068,546,1181,428,2024-04-23,Shipped,939.0,Credit Card
1069,750,273,867,2024-05-25,Cancelled,765.0,Debit Card
1070,265,136,229,2024-01-08,Cancelled,406.0,Bank Transfer
1071,1294,1191,921,2024-02-06,Pending,963.0,Debit Card
1072,346,19,600,2024-04-20,Pending,977.0,Debit Card
1073,1253,678,127,2024-05-19,Delivered,159.0,Debit Card
1074,831,727,649,2024-02-24,Shipped,663.0,Bank Transfer
1075,1292,218,556,2024-04-13,Shipped,722.0,Debit Card
1076,633,702,838,2024-03-24,Delivered,703.0,PayPal
1077,940,530,476,2024-04-24,Cancelled,209.0,Credit Card
1078,812,1016,586,2024-04-19,Pending,506.0,Credit Card
1079,728,1051,709,2024-01-24,Shipped,238.0,Credit Card
1080,36,79,667,2024-01-10,Pending,313.0,Debit Card
1081,431,1005,622,2024-01-30,Delivered,960.0,PayPal
1082,630,402,241,2024-04-07,Cancelled,389.0,Debit Card
1083,969,1287,802,2024-03-11,Pending,659.0,Debit Card
1084,112,411,1066,2024-03-05,Pending,575.0,Bank Transfer
1085,1209,303,355,2024-02-07,Delivered,179.0,PayPal
1086,957,1290,406,2024-05-10,Shipped,251.0,PayPal
1087,520,91,911,2024-01-06,Delivered,72.0,Bank Transfer
1088,1271,56,1285,2024-03-05,Cancelled,551.0,Debit Card
1089,1102,854,163,2024-05-24,Shipped,879.0,Debit Card
1090,912,619,161,2024-01-26,Delivered,778.0,Credit Card
1091,360,460,35,2024-01-30,Cancelled,904.0,Bank Transfer
1092,944,282,817,2024-01-31,Shipped,866.0,Credit Card
1093,723,159,207,2024-01-30,Shipped,813.0,PayPal
1094,337,1013,984,2024-05-14,Shipped,944.0,PayPal
1095,951,749,1055,2024-05-04,Shipped,20.0,Debit Card
1096,1200,207,244,2024-02-10,Shipped,631.0,Bank Transfer
1097,849,1142,679,2024-02-12,Pending,117.0,Credit Card
1098,644,47,964,2024-03-27,Shipped,46.0,Bank Transfer
1099,637,1163,747,2024-03-18,Delivered,379.0,Debit Card
1100,808,575,24,2024-01-13,Delivered,431.0,PayPal
1101,789,1223,999,2024-01-02,Pending,428.0,PayPal
1102,337,475,769,2024-03-23,Shipped,645.0,Bank Transfer
1103,1240,859,722,2024-02-29,Cancelled,164.0,PayPal
1104,782,284,968,2024-02-03,Delivered,104.0,Bank Transfer
1105,307,1042,796,2024-05-14,Delivered,334.0,Debit Card
1106,187,1092,811,2024-01-06,Delivered,240.0,Bank Transfer
1107,263,1014,167,2024-05-11,Pending,319.0,PayPal
1108,783,338,726,2024-01-29,Shipped,173.0,Debit Card
1109,899,830,343,2024-01-21,Cancelled,7.0,Bank Transfer
1110,153,1153,715,2024-01-23,Delivered,460.0,Debit Card
1111,976,637,904,2024-05-14,Delivered,875.0,PayPal
1112,727,191,156,2024-03-12,Shipped,465.0,Debit Card
1113,695,1108,1267,2024-02-04,Cancelled,356.0,Credit Card
1114,411,753,998,2024-05-17,Shipped,735.0,PayPal
1115,26,1276,744,2024-01-01,Shipped,255.0,Debit Card
1116,884,722,241,2024-03-22,Pending,506.0,Bank Transfer
1117,876,815,66,2024-04-27,Shipped,233.0,Debit Card
1118,1012,452,356,2024-04-16,Shipped,939.0,Debit Card
1119,130,846,466,2024-04-04,Shipped,352.0,Debit Card
1120,910,68,791,2024-03-30,Delivered,13.0,Bank Transfer
1121,130,1035,747,2024-05-09,Cancelled,569.0,Credit Card
1122,966,64,160,2024-02-26,Pending,829.0,Debit Card
1123,327,809,701,2024-04-08,Cancelled,828.0,Debit Card
1124,370,1167,562,2024-04-07,Shipped,551.0,Bank Transfer
1125,400,1201,1193,2024-05-11,Cancelled,38.0,PayPal
1126,182,928,933,2024-03-30,Shipped,196.0,PayPal
1127,1111,664,235,2024-01-31,Shipped,332.0,PayPal
1128,668,1212,560,2024-02-14,Cancelled,786.0,PayPal
1129,1021,357,1167,2024-02-15,Delivered,220.0,Credit Card
1130,462,909,1019,2024-02-14,Delivered,378.0,Credit Card
1131,359,1202,833,2024-01-26,Delivered,454.0,Debit Card
1132,955,1068,754,2024-04-22,Delivered,214.0,Debit Card
1133,194,208,626,2024-02-06,Cancelled,519.0,Debit Card
1134,734,852,630,2024-01-14,Shipped,342.0,Debit Card
1135,1010,913,655,2024-03-21,Shipped,524.0,Debit Card
1136,222,1145,1196,2024-01-02,Cancelled,89.0,Bank Transfer
1137,1236,555,372,2024-02-05,Delivered,554.0,Bank Transfer
1138,1048,473,1074,2024-01-09,Cancelled,352.0,Bank Transfer
1139,86,79,594,2024-03-21,Delivered,909.0,Credit Card
1140,164,36,748,2024-05-08,Cancelled,344.0,Debit Card
1141,1147,355,601,2024-04-27,Cancelled,721.0,Credit Card
1142,1072,1206,957,2024-01-11,Delivered,481.0,Credit Card
1143,278,615,792,2024-02-25,Shipped,959.0,Debit Card
1144,858,574,1286,2024-05-04,Cancelled,36.0,Bank Transfer
1145,1254,664,931,2024-04-09,Cancelled,318.0,Bank Transfer
1146,225,170,278,2024-03-16,Shipped,845.0,PayPal
1147,111,867,1226,2024-01-30,Pending,589.0,Debit Card
1148,937,23,1294,2024-02-21,Shipped,348.0,PayPal
1149,1049,1090,698,2024-03-01,Delivered,775.0,PayPal
1150,816,1237,645,2024-03-23,Delivered,288.0,PayPal
1151,801,287,784,2024-05-08,Delivered,40.0,PayPal
1152,670,932,9,2024-03-07,Cancelled,809.0,Debit Card
1153,939,910,295,2024-03-09,Shipped,598.0,Debit Card
1154,241,447,867,2024-03-20,Pending,937.0,Bank Transfer
1155,448,31,382,2024-04-26,Cancelled,472.0,Credit Card
1156,160,1084,455,2024-05-15,Cancelled,460.0,Debit Card
1157,1281,473,674,2024-03-09,Cancelled,284.0,Bank Transfer
1158,708,1202,356,2024-02-08,Pending,138.0,Bank Transfer
1159,1260,391,355,2024-04-10,Cancelled,118.0,Debit Card
1160,943,90,1130,2024-02-23,Shipped,143.0,PayPal
1161,498,1264,233,2024-05-07,Delivered,971.0,PayPal
1162,702,287,233,2024-05-18,Shipped,282.0,Bank Transfer
1163,471,384,535,2024-03-20,Cancelled,272.0,Bank Transfer
1164,472,1120,728,2024-05-21,Cancelled,128.0,Credit Card
1165,1164,725,485,2024-03-29,Pending,307.0,Credit Card
1166,933,1123,574,2024-05-03,Shipped,948.0,Credit Card
1167,1211,146,215,2024-02-09,Pending,415.0,Bank Transfer
1168,729,172,378,2024-05-12,Cancelled,986.0,Credit Card
1169,517,979,268,2024-04-08,Pending,508.0,Debit Card
1170,987,915,219,2024-01-20,Pending,585.0,Debit Card
1171,589,559,372,2024-05-04,Pending,770.0,Bank Transfer
1172,718,658,640,2024-05-19,Cancelled,478.0,PayPal
1173,651,664,939,2024-02-25,Pending,27.0,Credit Card
1174,984,257,524,2024-02-19,Delivered,935.0,Credit Card
1175,571,442,153,2024-03-27,Delivered,239.0,PayPal
1176,390,560,268,2024-04-24,Delivered,840.0,PayPal
1177,85,1086,547,2024-05-18,Delivered,510.0,Bank Transfer
1178,341,1235,690,2024-01-13,Delivered,486.0,Debit Card
1179,945,576,934,2024-03-01,Shipped,100.0,Credit Card
1180,1154,118,631,2024-05-03,Cancelled,237.0,PayPal
1181,132,1297,520,2024-05-01,Shipped,927.0,Credit Card
1182,1268,390,87,2024-03-21,Pending,735.0,Debit Card
1183,672,1163,225,2024-04-09,Pending,846.0,Credit Card
1184,982,759,913,2024-05-15,Delivered,484.0,Bank Transfer
1185,430,1203,1202,2024-01-04,Cancelled,698.0,Bank Transfer
1186,866,1,80,2024-02-15,Pending,730.0,Debit Card
1187,1102,710,497,2024-02-10,Delivered,936.0,Credit Card
1188,313,676,640,2024-01-29,Pending,373.0,Bank Transfer
1189,692,316,130,2024-04-27,Delivered,922.0,Credit Card
1190,1086,708,1261,2024-05-18,Delivered,700.0,Credit Card
1191,978,923,1274,2024-02-27,Shipped,63.0,Debit Card
1192,831,610,987,2024-04-09,Delivered,144.0,Debit Card
1193,698,1090,576,2024-03-17,Shipped,119.0,Debit Card
1194,331,997,637,2024-03-11,Cancelled,647.0,PayPal
1195,963,1067,412,2024-04-09,Cancelled,314.0,PayPal
1196,328,199,604,2024-01-02,Shipped,996.0,Credit Card
1197,1012,953,106,2024-04-23,Cancelled,630.0,Bank Transfer
1198,239,53,255,2024-02-07,Delivered,620.0,PayPal
1199,694,1129,339,2024-04-20,Delivered,592.0,Bank Transfer
1200,1143,975,819,2024-05-22,Shipped,179.0,Debit Card
1201,639,290,565,2024-04-15,Cancelled,1.0,Debit Card
1202,619,812,600,2024-04-18,Shipped,284.0,Bank Transfer
1203,1176,570,513,2024-02-02,Cancelled,462.0,Bank Transfer
1204,789,1119,443,2024-04-21,Cancelled,74.0,Debit Card
1205,211,1139,3,2024-02-19,Cancelled,406.0,Bank Transfer
1206,549,496,345,2024-03-29,Cancelled,167.0,PayPal
1207,158,177,1036,2024-05-10,Pending,26.0,PayPal
1208,842,173,789,2024-02-07,Shipped,816.0,Debit Card
1209,1243,16,991,2024-02-24,Cancelled,303.0,PayPal
1210,1221,957,98,2024-04-09,Cancelled,106.0,Bank Transfer
1211,810,384,543,2024-01-01,Delivered,80.0,Debit Card
1212,965,153,373,2024-01-06,Cancelled,781.0,PayPal
1213,415,869,822,2024-03-31,Delivered,830.0,Bank Transfer
1214,1144,1282,45,2024-05-13,Cancelled,216.0,Credit Card
1215,796,1090,657,2024-02-21,Delivered,29.0,Bank Transfer
1216,762,482,844,2024-01-23,Delivered,201.0,Credit Card
1217,539,1019,220,2024-01-12,Shipped,189.0,PayPal
1218,1233,91,412,2024-01-16,Pending,761.0,Debit Card
1219,844,1079,636,2024-03-18,Shipped,918.0,Bank Transfer
1220,1131,591,148,2024-03-18,Shipped,654.0,Debit Card
1221,461,1239,428,2024-04-10,Cancelled,227.0,PayPal
1222,447,762,809,2024-02-28,Pending,44.0,Bank Transfer
1223,1272,745,1215,2024-03-22,Pending,417.0,Debit Card
1224,428,166,716,2024-04-17,Delivered,862.0,Credit Card
1225,495,221,78,2024-01-20,Delivered,347.0,Credit Card
1226,934,581,842,2024-04-26,Pending,642.0,Credit Card
1227,820,185,1145,2024-04-05,Pending,305.0,Bank Transfer
1228,149,135,1143,2024-03-03,Shipped,508.0,Debit Card
1229,537,695,928,2024-02-21,Shipped,282.0,PayPal
1230,722,254,871,2024-02-12,Pending,699.0,Credit Card
1231,828,803,1163,2024-05-07,Shipped,490.0,Bank Transfer
1232,833,399,905,2024-04-25,Pending,685.0,Debit Card
1233,338,1212,1217,2024-05-02,Delivered,749.0,PayPal
1234,404,791,1213,2024-04-02,Shipped,645.0,Debit Card
1235,495,349,1275,2024-05-06,Cancelled,615.0,PayPal
1236,543,1114,293,2024-02-27,Pending,927.0,Bank Transfer
1237,66,397,558,2024-04-17,Delivered,420.0,Bank Transfer
1238,121,98,665,2024-04-09,Cancelled,360.0,PayPal
1239,485,852,986,2024-02-21,Delivered,380.0,Bank Transfer
1240,183,882,408,2024-05-16,Delivered,363.0,Credit Card
1241,604,1021,862,2024-05-15,Delivered,792.0,Bank Transfer
1242,649,10,1171,2024-01-24,Cancelled,541.0,Bank Transfer
1243,1226,73,1102,2024-04-28,Shipped,597.0,Debit Card
1244,1236,1027,761,2024-02-21,Delivered,383.0,Debit Card
1245,196,899,239,2024-02-25,Cancelled,349.0,Bank Transfer
1246,318,98,1190,2024-04-10,Pending,49.0,Bank Transfer
1247,1246,636,45,2024-04-26,Pending,76.0,Credit Card
1248,1270,693,1020,2024-05-15,Delivered,598.0,PayPal
1249,688,842,674,2024-04-27,Shipped,666.0,Debit Card
1250,75,357,681,2024-03-18,Shipped,677.0,Credit Card
1251,1226,594,678,2024-04-05,Delivered,54.0,Debit Card
1252,942,1011,442,2024-03-08,Cancelled,340.0,Debit Card
1253,1064,688,816,2024-05-19,Delivered,886.0,Bank Transfer
1254,450,540,118,2024-03-03,Delivered,366.0,Debit Card
1255,1066,349,453,2024-02-03,Cancelled,930.0,Bank Transfer
1256,29,825,667,2024-02-27,Cancelled,369.0,Debit Card
1257,640,777,955,2024-05-22,Cancelled,945.0,Debit Card
1258,671,338,1098,2024-02-02,Delivered,634.0,Debit Card
1259,609,95,818,2024-01-10,Cancelled,168.0,Credit Card
1260,525,290,687,2024-05-13,Delivered,45.0,Debit Card
1261,768,1056,1097,2024-04-09,Delivered,192.0,Credit Card
1262,298,5,685,2024-01-09,Pending,649.0,Debit Card
1263,1163,135,1106,2024-05-09,Pending,699.0,Credit Card
1264,1025,10,257,2024-05-20,Shipped,52.0,Credit Card
1265,1193,132,69,2024-01-14,Shipped,0.0,Bank Transfer
1266,428,1133,200,2024-05-24,Pending,826.0,Bank Transfer
1267,393,225,1266,2024-01-07,Cancelled,389.0,PayPal
1268,539,1251,233,2024-02-21,Cancelled,237.0,Credit Card
1269,1283,148,383,2024-01-09,Cancelled,591.0,Bank Transfer
1270,798,1256,1063,2024-02-03,Cancelled,935.0,PayPal
1271,1117,989,1005,2024-05-15,Cancelled,545.0,Debit Card
1272,662,902,666,2024-05-17,Shipped,313.0,Credit Card
1273,1012,681,924,2024-03-16,Delivered,15.0,Credit Card
1274,889,384,255,2024-03-25,Pending,72.0,Bank Transfer
1275,874,1193,359,2024-02-15,Cancelled,572.0,Debit Card
1276,882,752,389,2024-01-27,Cancelled,385.0,PayPal
1277,994,179,621,2024-04-22,Shipped,218.0,Debit Card
1278,713,268,600,2024-02-18,Shipped,387.0,Bank Transfer
1279,527,539,68,2024-04-05,Pending,52.0,Debit Card
1280,1068,355,1097,2024-01-24,Shipped,543.0,Bank Transfer
1281,1006,89,185,2024-02-18,Cancelled,738.0,Bank Transfer
1282,863,689,493,2024-01-21,Shipped,942.0,Credit Card
1283,96,157,436,2024-02-24,Pending,587.0,Bank Transfer
1284,944,179,856,2024-04-06,Delivered,718.0,Bank Transfer
1285,578,1230,704,2024-02-04,Cancelled,432.0,Credit Card
1286,897,847,818,2024-02-01,Delivered,394.0,Debit Card
1287,927,410,1221,2024-03-28,Cancelled,278.0,Debit Card
1288,536,700,422,2024-04-22,Cancelled,249.0,PayPal
1289,103,379,442,2024-01-08,Delivered,105.0,PayPal
1290,472,1141,1014,2024-04-22,Cancelled,952.0,Credit Card
1291,717,82,179,2024-05-01,Delivered,873.0,Debit Card
1292,1007,582,1225,2024-01-11,Shipped,132.0,PayPal
1293,1020,388,399,2024-04-11,Cancelled,32.0,Debit Card
1294,176,256,744,2024-04-20,Cancelled,123.0,PayPal
1295,1008,563,795,2024-02-21,Shipped,582.0,Credit Card
1296,1125,1287,419,2024-02-22,Shipped,618.0,PayPal
1297,1055,1201,1130,2024-03-29,Cancelled,686.0,Debit Card
1298,142,335,192,2024-02-09,Cancelled,497.0,Credit Card
1299,495,924,130,2024-05-24,Cancelled,96.0,Debit Card
1300,320,363,548,2024-03-26,Pending,68.0,PayPal
