return_id,order_id,product_id,return_date,reason,status
1,1065,652,2024-02-03,Eat response middle activity country professional federal.,Rejected
2,852,982,2024-03-19,Meet but technology why gun positive near.,Rejected
3,276,721,2024-04-06,Laugh structure seat federal new son.,Processed
4,269,1091,2024-03-13,Smile forward south may into.,Pending
5,722,184,2024-04-14,Along only within.,Processed
6,941,606,2024-04-13,Term end reflect hour.,Pending
7,174,846,2024-05-13,Five prevent article water quite time.,Pending
8,783,186,2024-02-27,Thought green south usually create of.,Pending
9,668,509,2024-05-18,Agree treatment method question worry every.,Rejected
10,332,90,2024-02-10,Itself ask success for.,Processed
11,627,1078,2024-05-04,Reduce be help Mr until growth.,Pending
12,763,1213,2024-02-12,Computer some laugh.,Pending
13,1131,70,2024-04-20,Should tell top party power.,Processed
14,259,1199,2024-04-18,Inside guy much too bad reduce mouth.,Rejected
15,845,1255,2024-01-11,Loss teach middle unit air effect people.,Pending
16,139,1224,2024-02-03,Read democratic blue whose.,Processed
17,1232,392,2024-01-20,Type family manage bar meet coach far.,Pending
18,896,1210,2024-04-11,Game with area open drop already hospital.,Pending
19,445,101,2024-03-14,Yes section yes education prepare hospital.,Processed
20,666,901,2024-01-22,Human while soldier method somebody consider brother grow.,Rejected
21,238,817,2024-03-03,Meeting know too management personal.,Processed
22,1056,215,2024-04-06,Build realize station data western carry police.,Rejected
23,417,715,2024-05-26,Oil organization soldier general word age president.,Pending
24,419,246,2024-02-20,Away top former.,Processed
25,1106,1122,2024-01-05,North upon successful message add.,Pending
26,67,128,2024-04-10,Animal her its first.,Pending
27,276,637,2024-01-06,Maintain spend since do run.,Pending
28,655,1009,2024-04-20,Air issue foreign piece card glass here deal.,Processed
29,764,1059,2024-05-11,Well building probably.,Pending
30,374,516,2024-03-23,World reason risk be large.,Pending
31,127,1260,2024-02-26,Woman term pretty either.,Processed
32,944,1268,2024-04-13,Couple left various which figure democratic.,Processed
33,139,49,2024-01-14,Just nothing society TV will cultural.,Processed
34,156,303,2024-03-08,One where series two at certainly Republican.,Processed
35,776,79,2024-04-01,By book speak religious he situation realize.,Pending
36,725,319,2024-02-15,Let oil among especially build.,Rejected
37,1052,425,2024-03-12,Claim off big top maintain mother.,Pending
38,654,384,2024-05-13,Approach sister ready American foot administration enter single.,Rejected
39,1263,731,2024-03-11,Tax person world.,Processed
40,865,1245,2024-02-19,Section company focus feel knowledge of age.,Pending
41,370,708,2024-04-05,Recognize thousand billion leader various.,Rejected
42,416,326,2024-05-14,Friend artist produce still former of.,Rejected
43,1243,204,2024-01-09,Public letter popular some control gas growth pretty.,Rejected
44,1006,3,2024-05-13,Ten walk parent member administration professor spring.,Pending
45,255,419,2024-04-11,More year discussion vote.,Processed
46,1271,670,2024-04-30,Pattern almost some your very.,Rejected
47,367,478,2024-02-02,Husband yourself start lay he mention.,Pending
48,515,167,2024-01-03,Five democratic grow a.,Rejected
49,1279,554,2024-02-09,Future method language.,Rejected
50,1222,329,2024-05-25,Perform mission least sometimes image.,Pending
51,753,733,2024-02-07,Health enter drive follow.,Processed
52,492,302,2024-02-19,Wait receive bill trial claim all.,Pending
53,32,564,2024-05-16,Book science subject box change everything property.,Processed
54,1076,394,2024-04-22,Four Democrat these.,Processed
55,22,536,2024-01-21,Our move picture through account teach game.,Pending
56,879,378,2024-03-14,Eye cultural science field miss certain whole.,Processed
57,850,1112,2024-01-25,Country appear network never light safe.,Rejected
58,213,522,2024-03-27,War attention bill artist.,Rejected
59,987,649,2024-03-21,Seem performance bag.,Processed
60,858,348,2024-01-08,Week the special plan family.,Pending
61,78,1173,2024-05-22,Old experience system include present present center.,Processed
62,920,1103,2024-02-02,Wife operation behavior same remain indicate avoid left.,Rejected
63,298,758,2024-03-23,Create story relationship own evidence card smile another.,Processed
64,751,1090,2024-02-10,Begin radio indicate body strong.,Processed
65,1028,890,2024-04-09,Wait sound accept fact language film produce long.,Processed
66,786,380,2024-03-11,Star shake wish consider.,Rejected
67,417,507,2024-01-22,Claim leave also.,Pending
68,200,208,2024-02-03,Create person woman agent.,Pending
69,507,246,2024-02-26,Two throw cup force them little.,Processed
70,89,127,2024-04-27,Rate drive sort risk.,Rejected
71,605,710,2024-03-17,Let since police identify.,Processed
72,229,840,2024-02-29,With couple student different open.,Rejected
73,757,984,2024-04-14,Subject best should federal movie individual look specific.,Pending
74,972,1299,2024-02-04,Professor only we listen.,Rejected
75,818,268,2024-04-11,Seat career miss difference.,Processed
76,1254,876,2024-01-24,Win eye opportunity bring wife in stage.,Rejected
77,781,304,2024-05-02,Travel name wear others hospital relate.,Rejected
78,555,145,2024-04-10,Situation nor bill situation each.,Rejected
79,974,933,2024-04-09,At risk keep same from support.,Processed
80,283,94,2024-02-15,There last stock mention behavior soon maybe.,Pending
81,1261,619,2024-05-16,Now seven often financial student institution among.,Pending
82,241,466,2024-02-10,Clear already Mrs none mission all responsibility.,Rejected
83,1274,800,2024-03-28,South edge quite company sister could build.,Processed
84,284,239,2024-01-13,Better fear you network red most ability sound.,Pending
85,270,701,2024-03-14,Total hard those strong rich activity add.,Pending
86,648,1065,2024-03-04,Become report light old affect money.,Pending
87,352,1026,2024-01-09,Executive military couple speak play color into.,Rejected
88,1158,16,2024-05-10,Condition let news day would.,Processed
89,133,1233,2024-03-20,Machine with hard difficult good.,Processed
90,40,96,2024-04-25,Above list guy travel unit.,Rejected
91,836,81,2024-01-12,Building never those notice.,Pending
92,329,657,2024-03-26,Person court company record degree door may.,Rejected
93,212,309,2024-01-22,Dinner believe bag power tax someone.,Processed
94,1053,1075,2024-04-30,Simply large back loss why available.,Processed
95,10,549,2024-04-02,Road pay minute artist government single.,Rejected
96,65,608,2024-05-18,Result admit board stage.,Processed
97,1127,40,2024-04-15,Offer pattern it theory bit quickly prepare.,Processed
98,437,648,2024-04-20,Former live little onto hear figure.,Rejected
99,1262,2,2024-04-08,Like outside direction until bar social.,Pending
100,814,768,2024-02-02,Kid low Democrat behavior miss than late.,Pending
101,713,744,2024-04-23,Fall these exactly see order name.,Pending
102,621,557,2024-03-13,Name maybe or huge deal yes air same.,Rejected
103,783,532,2024-02-09,Network poor garden take analysis.,Processed
104,603,553,2024-05-19,Part him treat ball.,Rejected
105,73,733,2024-02-29,Collection society they word respond how training nature.,Processed
106,1052,520,2024-03-24,Design hospital several still type hour dinner piece.,Pending
107,339,1244,2024-05-21,Anything defense best cut.,Rejected
108,1109,314,2024-02-24,Bar look remain stand course.,Processed
109,407,891,2024-04-29,Party arrive interest land direction off.,Pending
110,435,1282,2024-02-04,Red three language inside lot.,Processed
111,894,327,2024-03-20,Spring book fire able south.,Pending
112,747,739,2024-03-13,Experience really risk put idea part international management.,Pending
113,47,186,2024-02-01,Election generation way almost government create none parent.,Processed
114,80,114,2024-05-03,Light lawyer young front probably four.,Rejected
115,1214,1035,2024-05-26,Return kitchen state news because man event.,Rejected
116,477,782,2024-04-05,Per response federal policy sign public music.,Pending
117,728,1243,2024-04-14,Particularly authority whose individual well would.,Processed
118,166,240,2024-02-27,Laugh friend one avoid.,Rejected
119,97,195,2024-05-06,Seat though chair technology.,Rejected
120,15,968,2024-03-22,Statement owner option onto drop government above.,Pending
121,1086,122,2024-05-08,Interesting series foreign mother million interesting general.,Rejected
122,36,15,2024-02-14,Successful bring my onto control.,Rejected
123,872,279,2024-04-19,Behavior moment step benefit.,Processed
124,1259,410,2024-03-14,Improve happen foot continue Democrat.,Pending
125,1283,1031,2024-02-06,Community if perhaps stay.,Processed
126,956,473,2024-02-01,Resource long hear war hot.,Rejected
127,908,297,2024-01-18,Entire teacher agree.,Processed
128,40,1236,2024-04-03,Speak ready start pattern still live.,Processed
129,1026,422,2024-02-03,Water miss as continue.,Pending
130,72,1121,2024-02-05,Indicate none anyone system type decision.,Pending
131,749,868,2024-04-16,Too cut paper inside particular television may collection.,Rejected
132,524,936,2024-01-07,Campaign lead time skin read morning order.,Rejected
133,937,268,2024-02-20,What knowledge music our.,Processed
134,59,14,2024-01-03,There total though somebody million.,Processed
135,1242,714,2024-03-19,Market protect since security bill walk cold.,Pending
136,255,1254,2024-02-08,So stock you whether strategy.,Processed
137,640,4,2024-01-12,Pass culture entire popular three no tonight.,Pending
138,427,414,2024-03-21,Hospital make establish study clearly.,Pending
139,665,34,2024-03-21,Part challenge only say future TV note.,Rejected
140,176,432,2024-02-11,Factor meet leave road push.,Processed
141,878,583,2024-01-14,Example leg involve center long lose father.,Processed
142,770,780,2024-02-18,Lot year audience across since.,Processed
143,1132,910,2024-05-04,A and respond pass ability forward.,Pending
144,542,428,2024-03-27,Method while institution than.,Processed
145,227,1149,2024-05-25,Treat society picture indicate president.,Processed
146,632,598,2024-05-06,Continue possible two seat rise.,Rejected
147,958,783,2024-01-10,Future protect at know argue management play.,Pending
148,1262,334,2024-01-16,Factor mean property to throughout.,Rejected
149,893,1161,2024-05-17,Several deep matter history statement.,Pending
150,419,1119,2024-01-27,Describe ground seem.,Processed
151,714,591,2024-02-24,Best western her see everyone also me season.,Processed
152,852,337,2024-03-03,Cost include statement.,Processed
153,2,242,2024-04-26,Table again only camera food.,Processed
154,945,902,2024-01-11,World scientist respond yet worry item sense news.,Pending
155,326,537,2024-04-20,Church tonight deep for organization property forget.,Processed
156,121,672,2024-04-13,Treatment her drive employee world.,Pending
157,414,349,2024-02-05,Large like sell sure feel.,Pending
158,638,748,2024-03-14,Score without own.,Pending
159,628,351,2024-03-14,Wife behavior interest remain entire clear exist.,Processed
160,359,726,2024-01-15,Claim until son whole west believe.,Rejected
161,195,638,2024-02-29,Sport little policy fall reality.,Pending
162,255,97,2024-05-19,Program general sometimes.,Processed
163,732,919,2024-05-07,Window best part appear.,Rejected
164,1221,417,2024-04-21,Buy win start campaign central.,Pending
165,942,47,2024-04-16,Mr analysis whose series.,Pending
166,559,1248,2024-02-01,Director help baby never central.,Rejected
167,1156,91,2024-05-23,Step machine far we should certainly agreement.,Rejected
168,924,871,2024-05-26,Option media animal education.,Pending
169,384,319,2024-02-27,American issue add along Republican seat quickly.,Rejected
170,579,1285,2024-04-27,Travel difficult view.,Processed
171,1111,529,2024-05-17,Least huge however reflect pull answer try.,Processed
172,606,985,2024-04-30,Still keep the live rich.,Processed
173,326,195,2024-04-15,Keep production interest president.,Pending
174,184,1203,2024-05-06,Charge appear future center.,Rejected
175,416,1100,2024-04-25,Develop skin improve contain thought product physical.,Rejected
176,972,1196,2024-04-10,Movement point herself central.,Rejected
177,813,265,2024-04-18,Director job protect here.,Processed
178,744,1170,2024-04-12,Win mouth bring performance race result.,Rejected
179,435,555,2024-04-07,Could box conference establish TV mother.,Pending
180,1001,168,2024-01-21,View consider vote that need religious.,Pending
181,216,549,2024-02-17,Something argue picture.,Rejected
182,1119,362,2024-04-16,Former usually those effort performance body.,Processed
183,1174,1021,2024-01-24,Among hard far far.,Rejected
184,200,259,2024-01-29,Wind fish someone door across.,Processed
185,705,1095,2024-05-10,Decide development sometimes keep dream.,Processed
186,1084,1028,2024-05-03,Old organization rest large.,Rejected
187,798,29,2024-02-09,Set surface add nice address management.,Processed
188,738,313,2024-05-15,His hour beyond perhaps detail family.,Pending
189,186,688,2024-03-09,Some suddenly camera while.,Processed
190,386,1241,2024-04-23,Financial write staff contain painting Democrat half.,Pending
191,1095,134,2024-01-29,Lot man thing property rest lay picture.,Processed
192,1181,537,2024-02-02,One able least within.,Processed
193,280,1269,2024-01-29,Any head require bar rich enough.,Rejected
194,1033,600,2024-01-31,Particular present senior mother less budget including occur.,Rejected
195,529,1285,2024-02-10,Whether north state away employee around.,Rejected
196,1080,139,2024-05-07,Direction go full side.,Pending
197,1211,250,2024-02-04,Play fast election music military.,Processed
198,58,1092,2024-05-25,Unit make difference play.,Rejected
199,508,1140,2024-02-08,Soldier vote middle bag community.,Pending
200,1066,1092,2024-01-15,All involve opportunity hear bag bit.,Processed
201,893,1004,2024-05-21,Admit perhaps company director education test.,Processed
202,14,1094,2024-03-30,Floor today maintain Mrs option land hit truth.,Pending
203,33,1064,2024-02-20,Middle notice apply world control recognize.,Pending
204,538,787,2024-03-02,Issue lead look dinner left event.,Pending
205,1164,883,2024-02-18,Game collection job quality success.,Rejected
206,1135,321,2024-01-29,Enough assume marriage prepare significant station.,Rejected
207,1074,485,2024-04-04,Bank shoulder main number.,Pending
208,439,1188,2024-04-21,Toward movement represent future almost catch.,Rejected
209,719,864,2024-01-03,Safe energy page property machine land day.,Rejected
210,1290,135,2024-01-22,Behavior doctor require fight car.,Pending
211,79,944,2024-01-04,Heavy candidate hear position.,Processed
212,305,140,2024-02-05,Camera month market budget remain cold.,Rejected
213,635,97,2024-01-06,Boy prevent old information weight son.,Processed
214,1237,23,2024-02-17,Red main seven area vote training.,Rejected
215,28,404,2024-05-18,Mother leader need see admit trip American.,Pending
216,688,993,2024-04-09,Trouble citizen major these activity available environment Republican.,Rejected
217,704,432,2024-01-25,Explain so score front family American authority woman.,Rejected
218,1001,961,2024-01-11,Administration resource discussion military.,Processed
219,633,367,2024-03-08,Hair space entire whole recent no degree energy.,Pending
220,975,1290,2024-01-19,Issue share lose any either.,Rejected
221,87,456,2024-02-03,Property magazine black man.,Rejected
222,831,707,2024-01-10,Account discussion capital hundred magazine structure pattern mission.,Pending
223,965,1110,2024-01-06,State past smile suddenly.,Rejected
224,1276,871,2024-02-15,Job defense agency also.,Processed
225,478,969,2024-01-21,Method hold hard sign property eat issue.,Rejected
226,986,65,2024-04-01,Health source teach despite seek.,Processed
227,1156,625,2024-02-19,Wonder blood operation like.,Processed
228,110,1035,2024-04-11,Citizen never edge.,Rejected
229,1013,200,2024-05-05,Play off role great better.,Processed
230,653,1090,2024-04-12,Trouble might executive improve feeling.,Processed
231,1150,710,2024-05-12,Image away mouth above president together fly.,Rejected
232,232,1161,2024-05-02,Budget cold rule.,Rejected
233,862,79,2024-04-19,Money whatever someone marriage enough produce.,Rejected
234,652,386,2024-02-06,Success head every blue.,Processed
235,715,203,2024-02-11,Face one until rule actually body.,Pending
236,1198,532,2024-02-20,Key over spend.,Rejected
237,353,180,2024-05-24,Military could firm north subject natural by.,Processed
238,392,1037,2024-01-02,Partner discussion right great firm night.,Pending
239,1258,39,2024-02-15,Per produce suggest large.,Pending
240,736,771,2024-02-13,Land happy evening law local pretty.,Pending
241,510,452,2024-01-02,Debate treat other perform.,Processed
242,702,955,2024-04-02,Treat issue minute meeting organization cost identify tell.,Pending
243,121,283,2024-02-03,Set throw different character.,Pending
244,815,339,2024-02-23,Animal strategy these strong.,Processed
245,1167,970,2024-04-13,Local conference front economy.,Rejected
246,589,725,2024-02-14,Big house let through cultural career.,Pending
247,485,272,2024-02-22,Trial race ever because morning form.,Processed
248,689,568,2024-02-22,Discussion western side meet respond view it dog.,Pending
249,508,220,2024-03-23,Particular that me church service he life.,Rejected
250,603,1005,2024-05-17,Among executive international increase.,Pending
251,964,370,2024-04-15,Shake ball computer meet your political.,Pending
252,1286,223,2024-04-26,Build do which.,Processed
253,1215,1085,2024-02-19,Member game paper consumer.,Processed
254,121,246,2024-02-21,Always all set room paper policy both.,Rejected
255,223,494,2024-03-03,Respond forward item lawyer.,Rejected
256,1096,743,2024-05-09,Too allow care.,Rejected
257,485,650,2024-02-21,Real reason these attack bed road.,Processed
258,514,115,2024-04-03,Drop race another avoid.,Rejected
259,118,840,2024-02-15,High usually per.,Pending
260,1298,284,2024-02-23,Throw stay serve street weight baby major.,Processed
261,632,575,2024-05-17,Yes positive decision enter however many mind.,Processed
262,176,1041,2024-02-08,Suffer power head other.,Pending
263,533,440,2024-04-19,Federal memory same picture fear young attack politics.,Processed
264,1176,720,2024-01-25,Risk member note word trouble agreement table later.,Rejected
265,952,537,2024-01-19,Work while perform term sea lead model.,Rejected
266,599,1097,2024-02-02,Arrive measure tend need community song late.,Pending
267,183,373,2024-03-01,Show agency kid.,Processed
268,1059,901,2024-04-17,Benefit little floor safe loss chance middle.,Pending
269,468,923,2024-02-14,Although travel defense such dark land enjoy.,Processed
270,583,888,2024-04-22,Personal act trouble although boy game east.,Pending
271,40,992,2024-04-19,Follow leg personal computer.,Processed
272,615,849,2024-03-27,Speech address million board catch organization threat staff.,Pending
273,978,789,2024-03-24,Into explain produce science design.,Pending
274,148,774,2024-01-07,Store response traditional tell.,Processed
275,774,9,2024-03-06,From huge great energy painting.,Pending
276,1263,759,2024-04-03,Ball main crime meet suddenly truth several.,Rejected
277,727,122,2024-05-15,Yet necessary manage.,Pending
278,362,188,2024-05-11,Realize thank likely heavy.,Rejected
279,606,533,2024-05-15,Republican activity pretty look.,Processed
280,705,399,2024-04-13,Voice control still wait save student analysis.,Pending
281,141,179,2024-05-20,Audience call machine issue.,Processed
282,518,412,2024-01-30,Become result order maintain always easy Democrat.,Processed
283,394,222,2024-05-10,Economic kid author economic stand.,Processed
284,385,837,2024-03-28,Current name generation fact other animal.,Rejected
285,822,234,2024-02-15,Say focus animal.,Pending
286,374,786,2024-01-22,Brother foreign food people lot.,Processed
287,1044,802,2024-05-17,Myself finish long song sing finally machine structure.,Rejected
288,321,629,2024-04-09,History reduce similar whether game officer ok.,Rejected
289,1251,794,2024-01-02,Treat authority before public trip Democrat nor.,Processed
290,601,407,2024-05-21,Person will mother forget range.,Processed
291,450,236,2024-03-07,Toward officer you nearly.,Processed
292,186,1052,2024-02-27,Another political necessary success green month.,Rejected
293,806,993,2024-01-16,Challenge whatever summer worker remember.,Processed
294,255,1041,2024-04-20,Look fine situation sense.,Pending
295,896,1142,2024-02-10,Teach or child most future thousand specific discuss.,Processed
296,656,590,2024-01-25,Hospital expert region expert.,Rejected
297,792,970,2024-05-23,Know poor spend focus wife.,Pending
298,472,824,2024-01-29,Fine son strategy number top.,Pending
299,1056,412,2024-02-03,Yourself training raise yes hold attention.,Pending
300,1056,32,2024-04-15,Beautiful everything name wait shoulder.,Processed
301,674,645,2024-04-22,Item maybe east.,Pending
302,1056,117,2024-03-16,Professor debate hospital they able trip attention avoid.,Pending
303,1234,1030,2024-01-06,Wait high kind author large.,Pending
304,608,287,2024-04-12,Wish smile Democrat scientist yes choice.,Processed
305,62,1068,2024-04-06,Trip avoid floor subject.,Rejected
306,248,362,2024-01-01,Soon imagine since notice.,Processed
307,917,226,2024-04-28,Add avoid what miss guy myself force.,Pending
308,1129,1095,2024-02-14,International tax no peace remain later.,Processed
309,6,882,2024-03-10,Agency system system building.,Processed
310,1169,1260,2024-04-02,Likely four current marriage before take.,Processed
311,996,940,2024-03-29,Together commercial member buy financial sit hundred subject.,Processed
312,49,649,2024-04-10,Dinner once newspaper tonight prove try herself.,Rejected
313,637,857,2024-03-18,Buy send pull event care recently order.,Rejected
314,782,941,2024-02-18,With ability easy common suggest.,Rejected
315,510,39,2024-02-04,Most mind walk but keep Mrs.,Rejected
316,491,125,2024-03-21,Check big even office everybody wear executive.,Rejected
317,638,191,2024-02-27,Protect everyone might attorney establish site quite voice.,Rejected
318,1213,1193,2024-02-12,Whether maybe such thus bed who travel feel.,Rejected
319,646,876,2024-02-06,Wait lose wish from fine.,Rejected
320,944,958,2024-05-12,Toward shoulder ability surface rich imagine miss.,Processed
321,1203,246,2024-02-06,While chance dark debate.,Pending
322,586,929,2024-02-01,Season political security campaign.,Rejected
323,736,937,2024-05-11,Tell sit body.,Processed
324,313,1263,2024-01-14,Him same how defense Republican green expect peace.,Rejected
325,871,575,2024-04-17,Mouth write appear threat two believe.,Processed
326,57,831,2024-05-13,Me movie professor.,Processed
327,655,490,2024-03-24,High or heart southern section identify good read.,Pending
328,1279,1029,2024-01-14,Piece within save matter sell.,Processed
329,467,1267,2024-02-17,Might leave travel treat.,Processed
330,579,443,2024-05-23,Very better event side right person thousand.,Processed
331,1083,1101,2024-02-18,One language away result audience different.,Processed
332,365,435,2024-02-06,Worry easy quite statement painting time during.,Rejected
333,139,509,2024-04-09,Argue certain Congress crime mind indeed trade.,Rejected
334,475,984,2024-03-30,Determine your body ability serve.,Rejected
335,724,451,2024-02-19,Loss old throughout.,Rejected
336,699,403,2024-01-10,Movie since season.,Rejected
337,724,611,2024-05-16,Toward ground lead dinner.,Rejected
338,1198,524,2024-03-17,Best stop son apply.,Pending
339,931,307,2024-01-18,Wide life add candidate.,Processed
340,923,127,2024-01-22,For idea happy political claim budget feel.,Rejected
341,446,1115,2024-05-20,Point well choice car travel left piece.,Processed
342,1222,1139,2024-04-16,Put lay option remember.,Rejected
343,482,1044,2024-04-23,Book sport student sure song former view.,Processed
344,849,708,2024-02-15,Late defense foot line.,Pending
345,227,156,2024-04-01,Accept vote involve work material break raise.,Processed
346,24,1285,2024-03-22,Scene you think despite.,Pending
347,527,601,2024-04-21,Control street bad.,Processed
348,219,432,2024-05-26,Strategy subject be especially major most husband.,Processed
349,444,1018,2024-03-17,Civil avoid sit each far argue list.,Rejected
350,978,496,2024-01-17,Idea husband reality threat.,Pending
351,355,284,2024-03-14,Stop local discover life.,Pending
352,444,349,2024-05-22,Toward them above piece ask imagine central investment.,Processed
353,286,1004,2024-04-29,Performance against democratic lay campaign.,Processed
354,1262,1248,2024-02-09,Tonight network goal executive current reach production.,Pending
355,1108,1245,2024-02-24,Fly region morning Republican defense.,Processed
356,382,181,2024-05-17,Data believe end small move become.,Pending
357,27,152,2024-04-25,Key movie put dog home.,Rejected
358,818,781,2024-04-29,Soldier theory notice.,Pending
359,1052,1284,2024-02-25,Decision good fire far who industry simply young.,Rejected
360,1002,196,2024-04-02,Close return capital ten.,Rejected
361,648,825,2024-04-29,Cost real nation vote together indicate.,Pending
362,525,218,2024-03-03,Land local much each officer.,Pending
363,990,752,2024-04-24,Response really end story eye chair under.,Processed
364,742,943,2024-01-06,Defense lawyer lay week language use hospital color.,Processed
365,541,60,2024-04-03,End along myself young media account.,Pending
366,1284,760,2024-01-22,Ok side imagine too.,Rejected
367,966,1072,2024-02-25,Indicate under school central seem.,Rejected
368,1211,373,2024-04-23,Deep turn team provide official.,Processed
369,125,787,2024-04-19,Herself front recently early about.,Rejected
370,744,837,2024-01-21,Need available bag often itself.,Rejected
371,10,486,2024-04-19,Professional for fall discover decide fly turn.,Processed
372,849,274,2024-01-23,Such spring field ground.,Processed
373,261,719,2024-01-13,Usually attack why respond.,Rejected
374,514,578,2024-04-19,Maybe job charge more.,Rejected
375,635,546,2024-03-09,Public buy see nation may keep.,Pending
376,1196,31,2024-03-23,Bar vote when high enough force.,Processed
377,172,1174,2024-03-22,Record book art speak what fly sort west.,Processed
378,795,332,2024-01-19,Run mouth nature.,Rejected
379,663,1011,2024-04-01,Receive baby man friend four statement.,Rejected
380,912,981,2024-02-09,Culture city no response purpose girl.,Pending
381,558,446,2024-04-13,Standard development factor plan.,Processed
382,976,115,2024-03-18,Citizen table interesting ground military.,Processed
383,399,1132,2024-02-03,Career week put fall environment memory.,Pending
384,1043,1083,2024-01-10,Difficult nature both doctor list official perform.,Rejected
385,330,384,2024-05-26,Computer stand family style less certainly.,Pending
386,1075,795,2024-05-14,Majority issue question since measure eight put.,Processed
387,713,887,2024-03-22,Action those worker mind line visit.,Rejected
388,1057,1061,2024-02-05,Onto off travel win training.,Processed
389,7,1041,2024-05-15,Sell air benefit series performance true.,Processed
390,1241,831,2024-02-02,Future include drug option early resource debate.,Processed
391,4,285,2024-04-01,Democratic soldier marriage something property plan south.,Rejected
392,450,353,2024-02-10,I well create against magazine.,Pending
393,67,58,2024-04-04,Security environment a marriage save.,Processed
394,45,470,2024-03-27,Seem now action paper meet.,Rejected
395,973,872,2024-02-04,Democrat final student son.,Rejected
396,1033,308,2024-03-06,Just dark huge partner contain financial.,Pending
397,208,1207,2024-02-06,Ready party bar push size government.,Processed
398,649,793,2024-05-12,Bad candidate military result more public war general.,Pending
399,711,1189,2024-02-07,Plant staff writer answer yeah daughter.,Processed
400,1190,383,2024-01-31,Inside order magazine could.,Pending
401,1143,1060,2024-02-12,Peace art enjoy case long mean focus.,Rejected
402,49,1219,2024-02-03,Development dinner last black data small.,Pending
403,375,738,2024-04-05,Discuss serious especially campaign.,Processed
404,1039,857,2024-01-23,Pattern opportunity impact view.,Processed
405,513,345,2024-03-09,Nor arm tree those standard small gun.,Processed
406,1154,640,2024-03-23,Soldier above sell see worker must meeting apply.,Processed
407,1232,837,2024-05-11,Since eight issue certainly.,Rejected
408,304,187,2024-04-27,Congress reach price physical since seven thus.,Rejected
409,1,1246,2024-04-04,Final sign whatever coach practice.,Rejected
410,710,242,2024-05-11,Interest close attack.,Rejected
411,25,383,2024-05-16,Pretty ball local example side degree could.,Rejected
412,527,723,2024-03-31,Affect oil medical authority agree.,Processed
413,675,543,2024-03-31,Director under effect want commercial itself.,Pending
414,370,818,2024-04-19,Staff administration drive many.,Rejected
415,584,215,2024-03-22,Wife east together scene between.,Pending
416,867,342,2024-01-10,North whatever space argue.,Rejected
417,498,727,2024-02-09,Reflect bit recognize cup system movement everything lose.,Pending
418,242,524,2024-03-08,Green court never various win check.,Pending
419,522,892,2024-03-14,Fish again week process open.,Rejected
420,172,1122,2024-02-14,Cause account article tell.,Processed
421,398,941,2024-05-01,Not strong note thought spend within building past.,Rejected
422,392,428,2024-04-01,Idea important city similar.,Pending
423,455,1068,2024-03-07,Vote red garden eat financial.,Processed
424,1227,181,2024-04-19,Result word difficult against.,Rejected
425,47,1167,2024-02-10,Well suggest baby edge deep.,Rejected
426,272,912,2024-01-08,Cultural energy mind dog business.,Rejected
427,1156,124,2024-03-31,Front area network wait.,Processed
428,933,891,2024-01-26,Need heart fact type face case.,Rejected
429,384,876,2024-02-09,Involve Mrs old level.,Rejected
430,383,353,2024-02-05,Power remember popular north black.,Rejected
431,534,1061,2024-03-20,Only rule leg either hold consider current not.,Rejected
432,819,420,2024-01-09,Training produce according guess.,Pending
433,1137,1067,2024-02-29,Put hospital eat woman.,Processed
434,713,1269,2024-05-26,During civil consider be property plant military.,Processed
435,866,598,2024-03-03,Difference carry factor recently service might couple.,Pending
436,1206,1242,2024-04-06,Only water reality unit almost.,Processed
437,760,360,2024-02-29,Bag strategy during before edge despite community.,Processed
438,995,1076,2024-05-12,Television though pattern born.,Pending
439,963,315,2024-05-22,Yet official always car discussion describe across.,Pending
440,276,1277,2024-03-24,Time nothing inside without official.,Processed
441,1125,387,2024-04-15,Event traditional whatever agent response camera.,Processed
442,1188,925,2024-04-22,Five house deal over back different special.,Rejected
443,1060,765,2024-01-01,Effort pick election wide suggest.,Rejected
444,583,739,2024-01-19,Respond might dream care plant summer I.,Pending
445,469,153,2024-02-11,Agreement town lead cup any turn.,Rejected
446,543,60,2024-02-08,Rather arm away five.,Rejected
447,142,103,2024-01-24,Though business my improve billion bring.,Pending
448,245,529,2024-03-09,Image woman talk for budget adult.,Processed
449,547,1082,2024-05-12,Cold space per everybody.,Pending
450,484,436,2024-02-21,Miss make rock summer coach democratic decision.,Pending
451,21,77,2024-01-27,Have control cut loss deal.,Processed
452,672,818,2024-03-25,Look thus air magazine easy reason.,Pending
453,837,666,2024-02-19,Than suddenly reach treatment bill.,Rejected
454,991,927,2024-02-24,Evidence everybody national message field kitchen mean.,Processed
455,335,335,2024-01-01,Quality us degree build.,Pending
456,933,147,2024-03-17,Price family move already write attack every.,Pending
457,667,63,2024-04-08,Yet truth area trip play book.,Pending
458,684,168,2024-01-20,She culture civil.,Processed
459,272,193,2024-01-11,Energy rock improve day.,Rejected
460,107,173,2024-02-04,Theory able we American.,Rejected
461,344,519,2024-05-14,Simply training floor various detail.,Rejected
462,507,26,2024-01-23,Back activity bill woman.,Processed
463,840,97,2024-02-01,Interview point account he.,Pending
464,1131,989,2024-01-01,Difference sometimes could rise foreign attention.,Rejected
465,1014,712,2024-03-29,Whom event increase to husband.,Processed
466,316,933,2024-04-21,Camera recognize challenge song citizen.,Rejected
467,1103,295,2024-01-25,Range necessary true eight apply.,Processed
468,776,1174,2024-01-08,Prevent away some sound establish.,Pending
469,694,770,2024-04-08,Station south role him huge skin.,Rejected
470,870,870,2024-01-05,A ok front woman sister test produce.,Rejected
471,699,330,2024-05-09,See show recognize early almost former forward country.,Processed
472,84,263,2024-01-23,Source citizen water.,Processed
473,839,526,2024-04-12,Themselves staff see own.,Pending
474,97,104,2024-02-03,Economy again light.,Pending
475,485,1281,2024-03-15,Medical service town wall security.,Pending
476,499,116,2024-03-17,Nation suffer police stage.,Rejected
477,721,80,2024-03-29,Cost information quickly will.,Processed
478,625,1180,2024-03-18,Hot accept affect south difficult.,Rejected
479,160,666,2024-03-13,Entire family parent understand leave.,Rejected
480,428,1024,2024-01-14,Develop why professor head general start against.,Rejected
481,1050,843,2024-02-17,Set face level avoid.,Pending
482,784,516,2024-02-01,The serious space full imagine.,Pending
483,332,1245,2024-05-20,Close station exactly study financial rich.,Pending
484,736,1286,2024-02-05,Building best specific population.,Pending
485,27,1212,2024-04-15,Community there important yeah unit answer despite.,Pending
486,517,969,2024-05-05,Fire trade any above page.,Pending
487,1153,10,2024-03-06,Third above gas.,Pending
488,437,958,2024-03-31,Quality air particular beat operation determine.,Processed
489,599,184,2024-03-26,Family argue public candidate.,Processed
490,995,226,2024-03-22,Officer hard north paper.,Rejected
491,795,778,2024-01-22,Program pass affect stage all think recently for.,Rejected
492,679,36,2024-03-06,Happen run down pull actually.,Pending
493,849,148,2024-01-07,Between training yes TV find simply.,Processed
494,273,997,2024-01-18,Nothing wind fly break perhaps health official.,Processed
495,294,438,2024-03-05,Catch produce likely trip help.,Pending
496,270,547,2024-02-09,Heavy follow second find subject.,Pending
497,659,434,2024-04-18,Wall heart indicate safe job head street.,Rejected
498,969,67,2024-04-23,Stop remain Democrat account.,Processed
499,787,1230,2024-01-20,Lawyer good law.,Rejected
500,689,157,2024-05-22,Program commercial child news describe.,Processed
501,614,333,2024-04-13,Summer share rock mission perform financial why.,Rejected
502,1053,573,2024-03-10,Thing group city seem enter resource person leg.,Pending
503,22,562,2024-04-11,Today century front church pattern decade report.,Rejected
504,280,1187,2024-04-19,No pretty race situation.,Pending
505,1166,399,2024-03-15,Blood grow others environment effort.,Processed
506,856,202,2024-02-12,Sense from member against.,Processed
507,411,367,2024-03-16,Major social none where probably method.,Processed
508,1098,874,2024-05-14,Why morning whatever enter better newspaper like.,Pending
509,950,1134,2024-02-18,Huge training peace alone general part.,Pending
510,402,939,2024-05-16,Shoulder can wish image perhaps draw.,Pending
511,11,407,2024-05-14,Benefit stop certainly support view eye to.,Rejected
512,821,812,2024-02-09,Ability business pay operation speech.,Rejected
513,1293,713,2024-05-19,Listen main within professor wall.,Pending
514,151,678,2024-04-25,Find family news often property bed.,Pending
515,486,479,2024-01-27,Guess do none arrive let help through.,Rejected
516,936,209,2024-02-06,Voice product risk similar country week catch movement.,Pending
517,118,69,2024-02-24,Poor dinner successful difference.,Rejected
518,560,869,2024-02-17,Simply reason chance someone condition.,Processed
519,174,1232,2024-03-07,Son mind soldier leave take into American window.,Pending
520,1104,425,2024-01-19,Character until member store affect life culture.,Rejected
521,457,557,2024-02-28,Drive his second hold form early newspaper.,Processed
522,999,903,2024-01-02,Well computer direction real.,Rejected
523,1054,969,2024-02-19,Contain east son public talk movie unit yeah.,Processed
524,786,1297,2024-02-10,Figure same what onto even.,Processed
525,364,755,2024-02-08,Act treatment well.,Rejected
526,1014,1099,2024-01-28,Pattern full minute draw key.,Processed
527,339,1053,2024-02-25,Fill TV guess attention situation security phone.,Pending
528,270,1247,2024-03-25,Indicate interesting walk song.,Rejected
529,545,830,2024-04-03,Life occur quite woman.,Processed
530,308,80,2024-02-17,Shake respond low thought.,Pending
531,483,888,2024-03-01,Direction general animal receive east parent.,Processed
532,96,1082,2024-03-28,Consumer citizen culture kitchen rock.,Rejected
533,666,754,2024-01-17,College poor next painting management those newspaper.,Pending
534,929,341,2024-04-28,Decision cultural people fall tree sit PM.,Rejected
535,1028,1238,2024-03-29,Sport under on pattern.,Rejected
536,910,402,2024-03-03,Note turn every.,Pending
537,722,804,2024-01-24,Forget stage modern deep seem state road.,Pending
538,799,110,2024-03-01,And chair close reality show artist bank.,Pending
539,811,46,2024-04-01,Tax of get lead dream none early.,Rejected
540,654,1071,2024-01-22,Age this heart establish at draw choice long.,Rejected
541,887,905,2024-02-15,Option research almost around fear artist.,Rejected
542,137,1083,2024-05-23,Son drug property relationship walk activity.,Rejected
543,1058,889,2024-03-13,Job money choice energy.,Processed
544,681,1025,2024-01-08,Attorney sign race nice north.,Processed
545,1194,703,2024-01-23,Again focus develop plant admit magazine check professional.,Rejected
546,350,198,2024-02-01,Drop newspaper fill.,Rejected
547,1051,971,2024-03-29,Part the cost artist building cultural.,Rejected
548,27,706,2024-02-27,During remember blue rest line maintain film media.,Rejected
549,135,755,2024-03-15,Matter why lot dinner list.,Processed
550,603,851,2024-01-03,Have offer beat character here tell sister.,Rejected
551,384,1207,2024-03-28,Improve agree my own consider.,Processed
552,1112,686,2024-01-02,Nature free capital edge necessary thus.,Processed
553,282,499,2024-03-03,Serve serious statement capital between bad occur.,Pending
554,1100,1104,2024-05-06,Reach especially song by space.,Rejected
555,566,437,2024-04-18,Population party different fish.,Rejected
556,660,458,2024-01-20,Gas past account sea guess.,Pending
557,373,935,2024-01-05,Conference wife issue cause where behind case administration.,Pending
558,805,437,2024-02-15,Indeed though all discuss who safe stop draw.,Pending
559,956,149,2024-01-10,Today before occur here water art.,Rejected
560,1289,43,2024-02-17,Number lay turn two.,Pending
561,1179,494,2024-04-02,Garden moment from.,Processed
562,578,1020,2024-03-19,Officer visit smile rich choose.,Pending
563,999,710,2024-02-22,Activity threat bed wind.,Processed
564,917,27,2024-04-11,Road common surface thousand responsibility hospital morning.,Rejected
565,462,831,2024-01-19,My face get system state.,Processed
566,902,689,2024-03-30,Crime top close summer.,Processed
567,172,366,2024-02-15,Opportunity family son simple.,Processed
568,313,77,2024-05-04,Owner yes drop.,Pending
569,770,379,2024-05-18,Small ahead night.,Pending
570,88,753,2024-01-17,Imagine whatever cost he him travel.,Rejected
571,270,31,2024-02-09,None military far second.,Pending
572,21,851,2024-02-13,Act power much leg.,Rejected
573,800,312,2024-04-19,Myself bill parent become.,Pending
574,922,341,2024-01-11,Available rich specific require book.,Processed
575,696,269,2024-01-11,Goal responsibility you audience fight.,Pending
576,358,75,2024-05-11,Option east enter stage.,Pending
577,195,1144,2024-03-06,Painting firm foreign south future spend summer.,Processed
578,674,404,2024-04-16,Decision item writer ability wear class.,Pending
579,508,1268,2024-05-15,Apply the accept person point ten feeling.,Rejected
580,644,937,2024-02-21,Prevent study up always least those call.,Rejected
581,1023,1011,2024-05-09,Time purpose become simply grow nothing tend wife.,Rejected
582,1039,302,2024-04-13,White want test.,Processed
583,408,447,2024-02-13,Type face seat economy option affect.,Processed
584,1271,201,2024-05-16,Pull keep bed west.,Pending
585,592,904,2024-03-05,Carry size sort pick same suddenly.,Rejected
586,979,303,2024-01-16,Radio create certainly but sign sea.,Pending
587,963,961,2024-03-12,Away now consumer support vote he carry.,Processed
588,537,945,2024-05-05,Season give available interesting wonder apply.,Rejected
589,1173,943,2024-05-20,Now defense past need challenge.,Processed
590,163,1290,2024-04-15,Hope they rule view factor push reduce.,Pending
591,246,603,2024-05-26,Hope field system compare itself pick find ok.,Pending
592,580,299,2024-01-22,Child candidate determine.,Pending
593,830,1287,2024-04-04,Design meet provide value never notice work.,Processed
594,263,110,2024-02-29,Owner other under dog range all.,Rejected
595,931,803,2024-04-10,Both see others such already community never.,Processed
596,602,755,2024-05-04,Itself soldier figure discover white better.,Rejected
597,528,369,2024-03-07,Peace me catch gun lay maintain agreement what.,Rejected
598,1005,95,2024-01-16,Challenge soldier fear manager agree from argue necessary.,Rejected
599,659,1206,2024-01-28,Look small power one pretty will down.,Processed
600,633,1236,2024-02-18,Seat Mr head movie teach letter.,Pending
601,94,124,2024-04-19,Politics either out pick contain home around.,Pending
602,9,1251,2024-04-03,Assume travel effect first apply window.,Pending
603,16,107,2024-04-21,Example especially ask behind upon away us.,Processed
604,1143,1280,2024-04-22,Behavior spring window fine debate.,Rejected
605,1114,969,2024-03-12,Modern him offer.,Rejected
606,777,169,2024-05-17,Establish or leader.,Rejected
607,543,1162,2024-05-11,Stop mouth attention future event.,Processed
608,371,290,2024-05-12,Wide and whatever explain include fact.,Rejected
609,389,1141,2024-05-08,Sea kind impact little new practice.,Pending
610,1277,776,2024-03-05,Face officer provide high remain level thus.,Pending
611,1120,34,2024-01-11,Son camera certainly night rise old can person.,Processed
612,667,962,2024-05-22,Since natural little commercial land.,Rejected
613,831,1013,2024-03-20,In sort spring while international meeting cup.,Pending
614,1283,1257,2024-03-06,Trial style ago who.,Rejected
615,1124,1007,2024-05-25,Wife teach far already.,Processed
616,1256,338,2024-04-09,Pull hair everyone.,Rejected
617,72,386,2024-02-23,Store sell none off support whom.,Processed
618,255,335,2024-02-09,Marriage back experience western tax summer.,Pending
619,697,274,2024-05-16,Source rule who so treat mean.,Pending
620,1123,1164,2024-02-09,Little base investment manager big.,Rejected
621,212,523,2024-01-21,Space southern family discuss form through.,Pending
622,1070,1233,2024-03-17,Central nature here while live same.,Pending
623,28,593,2024-01-23,Season style resource policy court.,Pending
624,841,1263,2024-05-23,Black do mind really baby.,Rejected
625,1243,384,2024-03-25,Write street evidence majority arm sense rather.,Rejected
626,1099,1010,2024-05-18,Study individual remain far continue address you.,Pending
627,87,1007,2024-02-11,Magazine benefit close color.,Rejected
628,1068,366,2024-05-22,Yard much probably run work themselves sure four.,Pending
629,129,887,2024-03-22,State cover ball.,Processed
630,250,597,2024-04-21,Along above PM street industry they.,Pending
631,195,911,2024-05-20,Bit able wife capital.,Processed
632,485,754,2024-05-25,Reach behind medical another spend smile.,Rejected
633,597,478,2024-01-08,Various now call feel for red station.,Pending
634,893,826,2024-02-03,Value water kind federal agent time.,Pending
635,568,363,2024-02-02,Sit her beat order air property.,Rejected
636,3,921,2024-04-09,Culture middle cultural serious near bill state.,Rejected
637,33,53,2024-01-14,Special many pull.,Pending
638,516,1086,2024-05-15,Without huge author their thought.,Pending
639,457,247,2024-04-29,Right what send book develop those spend.,Pending
640,985,588,2024-01-10,Know red themselves happy.,Rejected
641,237,1288,2024-04-06,Manager nor reason brother school when.,Processed
642,820,1124,2024-03-08,Peace leave home choice onto long fall moment.,Pending
643,951,581,2024-03-04,Country attention similar return themselves.,Pending
644,434,807,2024-02-23,Others during major hope.,Pending
645,1137,448,2024-01-13,May ground skin tough TV you.,Processed
646,422,480,2024-03-14,Accept sure environment executive himself.,Pending
647,927,373,2024-04-12,Also sea face whom pattern would business stage.,Rejected
648,114,1108,2024-04-29,Return collection mission notice kid force sport American.,Pending
649,1271,402,2024-04-12,Cell organization with.,Processed
650,909,87,2024-02-27,Usually follow court sign floor future role.,Processed
651,618,863,2024-04-06,Science help huge get write.,Pending
652,37,1228,2024-05-13,Performance face they everybody perform degree sometimes.,Rejected
653,732,466,2024-04-06,Later wait like address believe.,Pending
654,1274,1130,2024-02-15,Reach though sport over forward red become.,Rejected
655,390,757,2024-02-22,Rest consumer interest chair.,Rejected
656,64,852,2024-05-10,Dog participant himself decide consumer practice.,Pending
657,928,1078,2024-04-28,New behavior production once business we build.,Rejected
658,17,1031,2024-02-22,Change site executive unit per picture.,Processed
659,757,69,2024-03-08,Cost summer author case.,Processed
660,402,800,2024-02-28,Difficult issue message husband school.,Pending
661,1266,762,2024-03-13,Hour bit today reveal civil.,Rejected
662,153,190,2024-03-31,Write world threat know part.,Rejected
663,373,1176,2024-02-25,His for eye him that professional.,Pending
664,996,1145,2024-03-12,Organization at occur sell.,Pending
665,563,120,2024-05-13,We movement nice development yet quickly age fill.,Pending
666,712,940,2024-03-23,Third exist phone whether year.,Pending
667,384,567,2024-05-03,Short religious high space us.,Rejected
668,334,721,2024-04-03,Western national benefit meet natural specific figure.,Rejected
669,427,1298,2024-04-04,Hard late human I no health moment.,Processed
670,537,243,2024-01-23,And magazine discuss teach power.,Rejected
671,440,690,2024-01-31,Meet Mrs her true.,Pending
672,947,955,2024-05-11,Young method page decision loss station employee.,Rejected
673,1152,1076,2024-02-09,Effort home style group remain should officer.,Rejected
674,482,384,2024-01-24,Rather two very bed development.,Pending
675,581,821,2024-04-16,Table very many wind artist.,Processed
676,345,1241,2024-05-11,He reason some law.,Processed
677,585,439,2024-02-27,Shake attorney seat begin name shake avoid decide.,Rejected
678,26,986,2024-01-19,Drive once education perform.,Processed
679,958,794,2024-04-18,Edge oil drive value religious run as.,Pending
680,795,421,2024-01-29,While meeting Mrs fund brother board next.,Processed
681,880,442,2024-03-27,East thus particularly address.,Pending
682,760,411,2024-05-09,Community soon easy then after into loss.,Processed
683,353,897,2024-03-09,Moment agency moment imagine wife area also.,Processed
684,218,467,2024-03-13,Person guess run expert hard hope this.,Rejected
685,960,1024,2024-04-12,Add occur western poor face evidence image.,Rejected
686,406,887,2024-04-15,Speak party outside commercial.,Rejected
687,995,617,2024-04-08,What low back game scientist until.,Rejected
688,114,633,2024-04-11,Make pick central piece tend.,Processed
689,1277,298,2024-04-10,Without store and significant decade sure evening.,Pending
690,567,1031,2024-03-30,Important exist war day yet.,Rejected
691,1060,1218,2024-02-01,Those other develop beyond.,Pending
692,156,73,2024-04-01,Yeah radio give boy.,Rejected
693,1078,653,2024-01-25,Onto only me I today question generation lay.,Processed
694,400,346,2024-04-25,Kid break network learn meeting hundred.,Processed
695,538,1203,2024-01-11,Process me tax right tell art clearly give.,Processed
696,998,1047,2024-04-16,Best thing your enter military serve.,Rejected
697,712,628,2024-02-29,Stay teach increase debate month result.,Pending
698,320,152,2024-04-21,Lot understand ask difficult half direction.,Pending
699,78,1283,2024-04-21,International beautiful contain rather course free.,Rejected
700,533,827,2024-05-16,Himself mouth hot power third.,Pending
701,211,685,2024-03-18,Former book seven parent idea believe analysis.,Rejected
702,115,423,2024-01-24,Environmental policy like threat answer.,Processed
703,133,534,2024-05-18,Over tough successful kitchen.,Processed
704,260,104,2024-01-30,Reveal clearly pull network large business newspaper.,Pending
705,1294,872,2024-02-11,Less become wrong.,Rejected
706,872,362,2024-04-18,Purpose control say film.,Pending
707,360,1268,2024-05-13,Mrs manage read.,Pending
708,1020,878,2024-04-14,Itself hear resource reflect seat hundred war the.,Pending
709,88,64,2024-01-03,Wind play evidence some goal fly carry.,Pending
710,1131,1190,2024-02-07,Attack kind city watch past think decision me.,Pending
711,899,1024,2024-01-17,Though practice carry race watch.,Pending
712,647,265,2024-01-17,Result avoid money time.,Rejected
713,302,71,2024-02-23,Generation lawyer analysis section general.,Processed
714,586,428,2024-03-17,Computer great note local watch meet evidence.,Pending
715,519,1022,2024-01-19,Simply government south thank rate national.,Pending
716,405,842,2024-03-06,Interview stuff pass picture hot suggest happen.,Rejected
717,222,330,2024-04-22,Yeah recognize order wonder.,Processed
718,836,959,2024-05-09,History oil challenge.,Rejected
719,867,1277,2024-01-09,Four from democratic itself every stage.,Pending
720,654,1129,2024-03-01,Property mention without turn film citizen itself.,Pending
721,83,26,2024-02-23,Garden stage into avoid mean into laugh.,Processed
722,145,950,2024-04-16,Impact I business specific whatever after.,Pending
723,756,525,2024-02-22,Ready real window structure movie always exist.,Rejected
724,373,1131,2024-03-28,Fight ok skill free American population she.,Rejected
725,75,725,2024-04-26,Long possible now among well well bill.,Pending
726,796,137,2024-03-07,The capital prevent.,Rejected
727,57,928,2024-03-28,What sport car sure responsibility method we.,Pending
728,1178,320,2024-03-06,Soldier couple film only.,Rejected
729,307,244,2024-02-23,Lead since national pattern.,Pending
730,338,573,2024-03-28,Might force similar simply student.,Processed
731,46,978,2024-02-19,Third home party process her its money.,Rejected
732,386,587,2024-01-23,Bank less practice painting crime guy social.,Rejected
733,548,1182,2024-04-24,Leader always often artist.,Rejected
734,1049,330,2024-01-24,Service environment cold stock above show.,Rejected
735,986,481,2024-01-19,Protect college imagine fight.,Rejected
736,285,2,2024-01-19,Soldier three tend white rise.,Rejected
737,1137,859,2024-04-04,Finish most water city.,Pending
738,985,920,2024-01-03,Must success free her west choose language show.,Rejected
739,1119,531,2024-04-25,Turn fine response test protect collection social.,Rejected
740,188,1086,2024-01-15,Particular benefit information.,Rejected
741,36,858,2024-05-11,Draw inside feel bank girl reduce close.,Rejected
742,942,88,2024-03-06,Matter writer final reality.,Processed
743,1151,4,2024-04-06,Thing analysis model difference star tax speech.,Pending
744,1223,861,2024-05-15,Nice doctor authority no speak.,Rejected
745,518,1250,2024-02-26,Create available newspaper budget daughter field.,Rejected
746,781,1284,2024-04-14,Carry big position raise job.,Rejected
747,297,362,2024-05-02,Until discuss sign focus.,Rejected
748,199,212,2024-04-03,Consider clear as thought.,Rejected
749,155,756,2024-03-26,Before source beat here.,Pending
750,283,1271,2024-05-04,Voice civil result usually page the accept.,Rejected
751,167,52,2024-03-19,Memory avoid law site everybody maybe.,Processed
752,1262,271,2024-04-07,Reality positive argue daughter.,Rejected
753,327,605,2024-03-05,Responsibility coach analysis throw book arrive.,Pending
754,392,923,2024-01-28,Feel customer lay unit century.,Processed
755,620,867,2024-04-16,Produce data remember give to front.,Pending
756,935,471,2024-02-01,You Mr standard someone serious.,Pending
757,308,838,2024-02-29,Reality we outside man cup.,Rejected
758,445,885,2024-04-23,Rich computer finish require different hold animal.,Rejected
759,693,895,2024-04-09,Play matter people interest most word concern.,Pending
760,636,637,2024-01-31,Yet special science good reason.,Pending
761,172,874,2024-01-23,Discover total guy.,Pending
762,346,367,2024-01-31,Gas each leg strategy.,Rejected
763,723,415,2024-05-03,Professor either prove note west.,Processed
764,1151,238,2024-02-10,Cup start nice fish business story.,Pending
765,31,833,2024-02-04,Majority certain protect day personal including.,Rejected
766,1008,958,2024-04-05,Him even serious.,Processed
767,494,550,2024-01-16,Sit across him significant participant young.,Pending
768,1215,709,2024-02-27,Nothing scientist up.,Rejected
769,859,498,2024-01-19,Grow ball environmental probably.,Processed
770,700,191,2024-01-05,Man star floor some.,Pending
771,553,1282,2024-05-08,Grow smile through notice.,Rejected
772,334,955,2024-04-09,Special field return under national.,Pending
773,429,316,2024-04-16,Foreign development on time he.,Pending
774,1241,1008,2024-05-03,Together conference student upon way challenge across.,Rejected
775,849,6,2024-04-10,I happy resource blood writer.,Pending
776,729,723,2024-03-12,Note argue media take significant you bank.,Pending
777,436,534,2024-05-02,Head home later describe.,Processed
778,490,236,2024-02-24,Find share animal word while.,Processed
779,1134,591,2024-04-20,His again result fund.,Processed
780,445,214,2024-02-19,Go land individual decade heavy year.,Rejected
781,154,117,2024-01-16,Me same quite them your.,Pending
782,7,75,2024-04-09,Hospital some no enjoy push.,Rejected
783,189,455,2024-03-06,Short type religious important particularly place energy interesting.,Pending
784,495,610,2024-02-26,Loss appear PM month east.,Rejected
785,1210,994,2024-01-28,Political line maintain.,Rejected
786,648,1203,2024-05-24,Company anyone agreement.,Rejected
787,744,1128,2024-01-23,Owner watch final form operation next.,Rejected
788,863,962,2024-03-01,Do not again let.,Rejected
789,69,580,2024-03-03,Lose report of few.,Rejected
790,737,1079,2024-03-19,Mother budget product blue military risk clear.,Processed
791,231,415,2024-04-02,Avoid any inside even day hard name.,Processed
792,575,1004,2024-04-30,Year blood test office involve.,Pending
793,540,266,2024-03-18,Kid particularly American democratic wind.,Processed
794,1190,196,2024-05-25,Day improve model month Republican.,Rejected
795,649,516,2024-04-05,I blue other voice state.,Rejected
796,377,154,2024-02-12,Bit natural air crime.,Rejected
797,99,330,2024-05-20,Involve single or impact so meeting beat system.,Pending
798,462,76,2024-02-06,Direction right high city foot rock organization drop.,Rejected
799,1199,777,2024-03-30,Theory Republican order off article degree message.,Pending
800,1188,190,2024-03-29,Consumer education food.,Rejected
801,365,1124,2024-01-31,Almost than challenge better.,Pending
802,147,10,2024-05-14,Fish number whom.,Processed
803,241,61,2024-03-01,Couple early one less line else soon.,Rejected
804,928,553,2024-01-22,Film where commercial industry pull now week.,Pending
805,788,1283,2024-01-31,Guess deal work worker trade kid.,Processed
806,578,104,2024-02-04,Someone season ready too open.,Rejected
807,4,499,2024-04-23,Help run large like.,Pending
808,387,1126,2024-04-14,Floor spring listen hit.,Processed
809,464,850,2024-05-13,Recognize scene and ground check.,Pending
810,497,638,2024-05-12,Audience nice firm attorney some it board.,Processed
811,1028,1127,2024-04-06,Where able next attention wind house coach.,Pending
812,42,231,2024-04-17,Health focus better head evening top.,Processed
813,593,467,2024-02-27,Represent dinner follow both.,Pending
814,156,148,2024-03-15,About maybe official American out project computer.,Pending
815,1081,900,2024-04-07,Item pick join small fly.,Rejected
816,536,86,2024-02-29,Past goal carry stage friend name.,Pending
817,597,572,2024-05-10,However cup but effect with bank sing.,Rejected
818,1137,303,2024-02-06,See already remain condition agree fast develop.,Processed
819,473,1179,2024-01-04,Throw want collection memory try strong without.,Processed
820,347,1291,2024-04-06,Artist blood alone memory science.,Rejected
821,1286,1248,2024-05-25,Finish visit should beat bad bar.,Pending
822,1004,176,2024-04-09,Mean nothing while red become.,Rejected
823,469,1004,2024-05-21,Public himself tree offer mind measure describe expect.,Processed
824,1261,136,2024-05-10,Step young our yeah.,Pending
825,1185,1072,2024-04-16,Million newspaper to assume compare level seven someone.,Pending
826,177,83,2024-04-11,Service best room shake.,Processed
827,491,1124,2024-05-04,West almost Congress something fill rate exist.,Processed
828,260,1199,2024-01-25,Hospital reality nature movie performance television child.,Processed
829,847,894,2024-05-13,Light pass blue force hard catch ready black.,Processed
830,125,995,2024-04-24,Clear the only life most.,Processed
831,652,1026,2024-02-05,Challenge treatment run believe method hit reveal.,Processed
832,1083,993,2024-02-09,Cup miss stock top side fish.,Pending
833,26,911,2024-04-11,Training still probably sort follow upon.,Processed
834,194,356,2024-01-16,Eat current among really international our.,Rejected
835,1027,913,2024-05-16,Deep management carry itself.,Pending
836,134,1178,2024-04-16,If sound public election.,Pending
837,383,216,2024-01-17,Choice happy measure.,Processed
838,858,685,2024-01-20,Line plan which dark beautiful vote free represent.,Pending
839,174,1166,2024-01-19,Allow member tend.,Rejected
840,800,1234,2024-04-10,Lose central public page.,Processed
841,98,512,2024-03-07,Everybody young part hand.,Pending
842,216,534,2024-01-12,Hit cover relate lawyer five.,Processed
843,844,240,2024-03-01,Help school nature.,Rejected
844,1175,829,2024-04-16,Another prove yard huge tonight country.,Pending
845,973,1055,2024-03-29,Same would bank whatever.,Pending
846,567,517,2024-01-22,Series cut factor back.,Pending
847,700,627,2024-04-11,Issue hundred guy why.,Rejected
848,362,700,2024-05-07,Hand course space old.,Processed
849,146,492,2024-01-08,Event themselves gas skill glass course customer call.,Rejected
850,1102,535,2024-03-02,Certainly us none quality.,Processed
851,545,1262,2024-04-26,Common dog type account have job.,Pending
852,1182,500,2024-04-14,Prevent though him main call.,Processed
853,457,703,2024-05-17,Open surface player while.,Rejected
854,845,841,2024-02-14,Speech each lead far walk.,Rejected
855,1067,52,2024-02-14,Animal security region let.,Processed
856,1263,426,2024-03-15,Argue executive single goal.,Processed
857,1001,729,2024-02-23,Six my Republican.,Processed
858,686,294,2024-04-29,Economic now common develop sing different.,Rejected
859,558,285,2024-03-08,Vote policy soldier base system.,Processed
860,1189,930,2024-01-20,There may include food fear hospital learn will.,Rejected
861,469,392,2024-02-15,Serve degree modern issue wonder cultural decision.,Pending
862,247,621,2024-02-02,Meeting person know laugh option.,Pending
863,815,624,2024-05-22,Serious keep why happen knowledge build feel miss.,Pending
864,470,64,2024-02-09,Show fear player learn.,Processed
865,493,479,2024-04-13,New purpose life.,Pending
866,267,528,2024-04-26,Family impact skill our night collection appear.,Pending
867,1214,939,2024-04-07,Listen poor little floor push right fall.,Rejected
868,870,332,2024-03-22,Beyond real direction whatever character easy.,Processed
869,102,889,2024-01-14,Eight method three ground memory worker important.,Pending
870,467,117,2024-01-27,Film million long sister like strong.,Processed
871,1069,1053,2024-05-12,Finally step decision election quite way fine win.,Rejected
872,130,761,2024-04-10,Cover size forget professor indicate have bar.,Pending
873,125,370,2024-01-15,Argue phone worker join traditional goal market.,Pending
874,125,211,2024-05-01,Understand should whom high back center.,Pending
875,631,122,2024-04-08,Citizen gun ball hundred fly through.,Rejected
876,160,551,2024-04-23,Seven we key.,Pending
877,581,90,2024-04-28,Be size every range if.,Pending
878,1290,731,2024-05-10,Tonight field couple.,Rejected
879,907,600,2024-02-28,Project example husband successful along exist.,Pending
880,1157,235,2024-02-07,Office specific soon generation.,Processed
881,639,427,2024-03-01,Network resource catch official real building including.,Rejected
882,1193,174,2024-03-22,Sound course either person deep feeling.,Processed
883,296,177,2024-04-08,Section then save why only.,Pending
884,436,594,2024-02-22,Hour great adult run.,Processed
885,166,1183,2024-04-08,Which cold figure stage stock.,Processed
886,323,474,2024-01-09,Memory reality office information new significant.,Processed
887,829,986,2024-05-17,When around indeed market guy.,Pending
888,570,244,2024-02-08,Employee newspaper shake plant.,Pending
889,524,1263,2024-04-18,Indicate fly data hotel.,Rejected
890,1294,406,2024-04-17,Thought attention partner there both past.,Rejected
891,788,31,2024-05-21,Little party address sign room gun.,Processed
892,1197,275,2024-04-29,Small front Mrs stop you born.,Rejected
893,682,850,2024-04-17,Operation blue result decide place take arrive.,Processed
894,1031,846,2024-04-29,Thousand the drive mean move.,Rejected
895,198,112,2024-04-16,Beautiful alone water total field economic.,Processed
896,980,393,2024-01-23,Live scene plan require right because.,Pending
897,1224,758,2024-03-26,Million answer building executive.,Processed
898,884,1116,2024-03-28,Front sport build test have class serve.,Pending
899,316,803,2024-02-17,Memory door activity push she.,Rejected
900,1200,971,2024-01-14,Ball gas its measure seek case actually.,Pending
901,1111,408,2024-01-01,Raise give network beat report effect.,Processed
902,344,1204,2024-03-09,Single heart institution score.,Pending
903,853,669,2024-01-02,Argue form laugh them fly while too.,Processed
904,1244,57,2024-05-01,Might present night free knowledge hard its.,Pending
905,331,1139,2024-04-07,Republican knowledge study push PM.,Pending
906,855,1144,2024-03-01,Technology matter rule old that.,Pending
907,336,659,2024-01-18,Everybody town safe international there bag.,Rejected
908,144,1154,2024-01-10,High agreement but opportunity law light stuff.,Rejected
909,942,1275,2024-02-26,Morning or find exactly success indeed.,Rejected
910,355,878,2024-04-24,Design eye maybe this quite center.,Processed
911,1041,1158,2024-01-17,Their last section across hour.,Processed
912,741,1200,2024-01-11,Within enter economic help court range area.,Processed
913,373,1107,2024-01-25,Upon might report management between low detail no.,Processed
914,1216,979,2024-03-24,Out usually program friend quality activity phone.,Pending
915,166,145,2024-01-20,Face military our character ok expert interview style.,Pending
916,735,88,2024-05-05,Read grow surface boy together piece recently personal.,Rejected
917,1120,572,2024-04-19,Situation south music heavy consider truth hair poor.,Processed
918,1191,502,2024-02-23,Drive small you later wind.,Processed
919,114,646,2024-01-18,Write strong film letter hand stop.,Pending
920,714,705,2024-05-25,Center performance tend.,Rejected
921,1182,1062,2024-04-03,Room nothing admit happen.,Processed
922,272,1036,2024-05-24,Seat writer security work past cold.,Processed
923,1202,613,2024-02-11,Head skin different.,Processed
924,483,1259,2024-02-28,Stock create remain thing get senior.,Rejected
925,857,1138,2024-02-24,Take moment thought always.,Rejected
926,902,353,2024-03-19,Thousand wide happen woman series affect be.,Pending
927,1149,676,2024-04-01,Trial somebody off training argue thus want whom.,Pending
928,619,1126,2024-03-07,Executive watch allow table bill and.,Rejected
929,455,109,2024-05-03,Difference sport account.,Rejected
930,367,1079,2024-01-06,Agency ability experience experience how bed computer wind.,Processed
931,360,437,2024-01-18,Career strong color hear part.,Rejected
932,517,155,2024-04-02,Task house court statement writer but.,Pending
933,1076,758,2024-01-03,Career will young actually.,Pending
934,822,526,2024-01-26,Control large performance away mouth.,Rejected
935,1287,1062,2024-04-18,Appear money hit important.,Processed
936,365,870,2024-03-22,Daughter learn economic right.,Pending
937,310,755,2024-02-29,Discussion those evening hour ground local agency.,Pending
938,96,826,2024-01-01,Face green fund.,Pending
939,388,1092,2024-05-17,Anything fact role.,Rejected
940,1074,216,2024-03-12,Decision their least chance.,Pending
941,200,1197,2024-04-18,Give against actually.,Rejected
942,1173,3,2024-04-11,Future require big.,Rejected
943,199,835,2024-05-21,Space explain against somebody professional season evidence.,Rejected
944,1142,1226,2024-03-18,Start cost act.,Rejected
945,429,4,2024-05-09,American professional student quality best behavior amount.,Rejected
946,1218,339,2024-01-11,Two next safe realize interview key lead.,Processed
947,537,925,2024-03-16,Position most table participant sea.,Rejected
948,164,716,2024-01-11,In list black evidence clear answer.,Pending
949,81,507,2024-01-03,And story range.,Processed
950,548,1192,2024-01-15,Country seat history mother speak gun mission about.,Pending
951,1140,949,2024-04-25,Drive financial gun.,Processed
952,95,816,2024-02-19,Professor teach final conference life.,Pending
953,1003,212,2024-04-29,Executive center need imagine nation whatever computer.,Processed
954,1256,360,2024-05-09,Only realize east little go sound TV.,Pending
955,341,262,2024-03-31,Machine adult tonight during staff everyone.,Processed
956,105,975,2024-05-19,Step theory hit event animal.,Processed
957,465,144,2024-02-08,Quality add something nice sea century bar.,Processed
958,704,581,2024-01-19,Over result pass hotel.,Processed
959,453,583,2024-04-13,Sign various finish message away without.,Processed
960,597,1264,2024-01-06,Heart others pretty project pretty whether at.,Rejected
961,152,322,2024-01-13,Quality notice live.,Rejected
962,681,1215,2024-04-20,Try season watch appear others determine describe pick.,Pending
963,1210,25,2024-03-12,Couple why run skill house structure.,Processed
964,61,660,2024-02-19,Manager decision rise safe development myself herself.,Pending
965,1250,1192,2024-02-28,During education simple industry amount upon follow.,Rejected
966,1119,590,2024-02-03,Instead medical commercial wish chance early.,Pending
967,380,646,2024-05-17,Federal help author.,Processed
968,992,651,2024-04-15,Cause manage necessary look onto what.,Pending
969,989,288,2024-02-20,Recognize situation leave ball.,Pending
970,1132,593,2024-01-26,Voice surface seem time example.,Pending
971,723,790,2024-01-30,Student next cell without hour.,Rejected
972,331,778,2024-02-09,Should do dog agree career.,Pending
973,255,629,2024-04-25,Under decade available past three.,Pending
974,950,806,2024-01-19,Family style health.,Rejected
975,719,543,2024-04-03,Unit project ago suddenly grow we store.,Rejected
976,651,854,2024-03-22,Serious election process sure alone.,Rejected
977,661,1152,2024-04-19,Movement direction step quite hit.,Processed
978,1035,233,2024-02-11,Send nation whole although top population any.,Rejected
979,493,978,2024-02-17,Boy full everyone phone business my not.,Pending
980,908,1020,2024-05-22,Than collection financial her one apply.,Processed
981,168,518,2024-03-11,Entire among product finally.,Rejected
982,1060,978,2024-02-02,Person with figure visit under.,Rejected
983,872,164,2024-01-15,Wish across stage who.,Processed
984,918,803,2024-04-15,Capital example throw soon western.,Processed
985,1118,363,2024-02-25,Performance day nice store land especially.,Processed
986,14,420,2024-01-26,Those reason center outside owner listen easy much.,Rejected
987,418,1089,2024-02-10,Company pull fast activity room.,Processed
988,301,907,2024-01-09,Bill individual current.,Rejected
989,363,197,2024-04-29,Paper success site game college military total imagine.,Pending
990,680,417,2024-05-01,Support number peace less hit out.,Processed
991,985,445,2024-03-25,Key simply professional measure direction prevent event culture.,Pending
992,526,402,2024-01-16,Member institution trouble.,Rejected
993,361,250,2024-02-28,Agency hot surface owner trade past.,Rejected
994,1063,1300,2024-04-20,Goal race value land here never cold a.,Processed
995,214,505,2024-02-13,Hit dog many pick.,Rejected
996,897,28,2024-01-18,Assume certainly approach enjoy play data upon certainly.,Processed
997,751,739,2024-03-20,Baby under tax level down decision market.,Rejected
998,1180,857,2024-03-20,Pick lay material political.,Pending
999,535,845,2024-05-24,Hospital pick not difference choice.,Processed
1000,456,676,2024-03-27,Staff away there over think reason.,Rejected
1001,1125,721,2024-01-23,Least share base foot.,Processed
1002,549,346,2024-01-04,Simple while help only easy.,Rejected
1003,238,488,2024-04-13,Security up good policy find method we.,Pending
1004,147,463,2024-04-28,Middle TV memory take center experience alone.,Rejected
1005,352,489,2024-03-03,Tonight for Mrs forward year.,Processed
1006,1220,49,2024-02-11,Discussion eight watch.,Pending
1007,32,186,2024-02-26,Ball big try threat consider gas.,Pending
1008,918,619,2024-03-28,However customer house whose tax.,Rejected
1009,719,402,2024-02-07,Family charge always growth girl television alone.,Processed
1010,766,1151,2024-02-19,And discussion drive friend experience.,Pending
1011,473,213,2024-05-18,Space sure organization authority her give capital.,Processed
1012,960,710,2024-05-14,Public sell off suffer after learn.,Processed
1013,497,546,2024-02-26,Training lay as six seek theory.,Pending
1014,1033,228,2024-01-20,Process item increase professor always concern story.,Pending
1015,1040,486,2024-01-24,Present growth beyond.,Pending
1016,1285,555,2024-03-22,Office each site strategy any even court.,Rejected
1017,887,367,2024-02-18,Interesting country end suddenly tax attorney.,Rejected
1018,822,1096,2024-05-21,Mouth hit west among record.,Processed
1019,1136,353,2024-05-02,Discuss person then yet during authority end front.,Rejected
1020,419,215,2024-03-20,Behind feel campaign world wish.,Pending
1021,456,756,2024-01-19,Control receive energy expect administration more reveal eye.,Processed
1022,140,320,2024-04-03,Senior large evening worry since letter perhaps.,Rejected
1023,382,1166,2024-03-02,Network management term church figure rather early.,Pending
1024,891,191,2024-02-07,This collection civil sister whose another score state.,Pending
1025,829,360,2024-01-12,Movement student type east deal treat fear.,Rejected
1026,181,1116,2024-05-06,Word figure similar general assume magazine him.,Pending
1027,1046,316,2024-03-03,Movie room medical administration.,Pending
1028,1004,714,2024-02-25,Seven democratic suggest nearly worry mission.,Processed
1029,882,224,2024-01-13,Together best feel deal effort movement.,Rejected
1030,1199,826,2024-05-26,Sign set worker participant matter.,Pending
1031,723,506,2024-04-05,Treatment sit at much list property.,Rejected
1032,129,300,2024-02-05,Parent officer maintain yet.,Rejected
1033,803,1059,2024-05-15,Late focus value light floor.,Rejected
1034,581,864,2024-03-20,Once nation itself address care company since.,Pending
1035,331,619,2024-01-07,Opportunity majority kind trial area.,Pending
1036,27,172,2024-02-01,Can or resource finally.,Pending
1037,769,176,2024-01-08,Them military politics plant ground.,Pending
1038,728,1136,2024-02-10,Traditional each wife movie actually drive contain.,Pending
1039,884,66,2024-02-24,Draw generation result seven such beyond.,Rejected
1040,19,538,2024-03-11,This lead open agree provide task manage.,Pending
1041,1233,644,2024-02-17,Medical small leg itself walk activity threat.,Processed
1042,215,177,2024-03-28,Early our fear college.,Processed
1043,143,552,2024-01-01,Four race method usually how.,Pending
1044,1101,881,2024-03-14,Join hundred positive.,Pending
1045,372,1194,2024-02-22,Natural give force natural close involve bill.,Processed
1046,1255,329,2024-02-25,Blood mouth star prevent century.,Rejected
1047,581,987,2024-03-01,No although also fact question.,Processed
1048,51,2,2024-04-05,A education check they sort evening difficult technology.,Pending
1049,526,87,2024-01-29,Either eight model leave wife word.,Pending
1050,522,1300,2024-02-21,Personal to detail tax us body try.,Rejected
1051,1009,222,2024-05-02,Bill world town arm defense drive.,Pending
1052,1035,209,2024-04-30,Store method big form product important.,Pending
1053,900,47,2024-03-24,Wait sense serious cost ball through final.,Processed
1054,94,95,2024-02-18,Type assume hour evening relationship still.,Rejected
1055,704,610,2024-03-26,Economic tree could become around party old.,Processed
1056,130,1069,2024-02-10,Head data most several.,Pending
1057,676,901,2024-02-19,Which through need learn business piece.,Pending
1058,1199,1101,2024-05-05,Authority political environmental instead population.,Processed
1059,1133,177,2024-01-08,Ready thus tax respond senior role.,Rejected
1060,460,109,2024-03-31,Style head tonight talk improve.,Processed
1061,800,431,2024-04-20,Big side language fight hope put exactly bad.,Pending
1062,503,395,2024-02-26,Traditional bill guess fine wind south prevent.,Processed
1063,998,549,2024-05-01,Feel military production.,Pending
1064,21,180,2024-04-12,It man stop message fall finish Mr.,Processed
1065,1162,1287,2024-02-23,Since floor most team drop.,Processed
1066,858,424,2024-01-14,Help executive that.,Rejected
1067,1169,1178,2024-01-05,Environment world move nothing relate beat.,Rejected
1068,1059,12,2024-01-11,Country believe laugh professional home office color.,Rejected
1069,1007,379,2024-05-12,Pay study thus.,Processed
1070,1272,1038,2024-01-27,Really water little.,Processed
1071,1080,716,2024-01-15,Time able finally edge let he.,Processed
1072,671,425,2024-04-18,Serve quickly bad fish even difference rest discuss.,Pending
1073,174,96,2024-02-20,Issue game cover together.,Processed
1074,110,545,2024-04-06,Many scene build stage father.,Pending
1075,585,1180,2024-04-27,Specific coach data prevent choice loss.,Pending
1076,634,3,2024-05-09,How large role artist exist.,Rejected
1077,1253,31,2024-03-29,Accept many international week appear.,Rejected
1078,425,965,2024-05-03,Out live better.,Processed
1079,1227,571,2024-03-10,Type travel course perform.,Rejected
1080,899,1144,2024-04-09,Rest week state land shoulder town.,Processed
1081,702,1068,2024-05-17,West realize artist country receive official.,Rejected
1082,398,1153,2024-03-06,Son ten new where.,Rejected
1083,514,357,2024-05-14,Part professor somebody serve.,Processed
1084,1281,587,2024-02-18,Would leave know right now candidate politics.,Processed
1085,265,1079,2024-02-24,Raise under baby scene wrong throughout.,Pending
1086,1168,293,2024-01-03,Agreement structure sometimes what appear avoid understand.,Pending
1087,934,734,2024-04-02,Wife face television no accept forget.,Rejected
1088,922,788,2024-02-06,Loss fire more bar same minute.,Processed
1089,31,1065,2024-02-06,Participant day it group represent share.,Pending
1090,754,94,2024-05-01,Wait start floor say by keep.,Processed
1091,380,418,2024-01-15,Itself week claim money common.,Processed
1092,1285,250,2024-03-22,Energy draw large be sell manager.,Rejected
1093,1179,975,2024-03-07,Summer rather decision trade hundred soon view.,Pending
1094,647,211,2024-02-14,Crime yes reveal wrong.,Rejected
1095,811,403,2024-02-19,Threat many ever talk.,Rejected
1096,115,559,2024-04-13,Budget check back point authority.,Pending
1097,1277,597,2024-03-26,Address month difficult night industry.,Rejected
1098,303,880,2024-03-16,Throw bad movie street assume.,Pending
1099,1288,861,2024-04-19,Candidate course see whether cup decision.,Pending
1100,1130,855,2024-01-24,Next soldier probably week article.,Pending
1101,1299,938,2024-05-15,Beat social cell PM new international.,Rejected
1102,790,972,2024-03-18,Decision have note successful actually finish.,Pending
1103,810,750,2024-05-24,Stage economy medical.,Rejected
1104,640,883,2024-04-14,Loss brother discussion fish account successful.,Pending
1105,1243,251,2024-05-21,Cause action eye.,Rejected
1106,263,1234,2024-03-03,Probably decade break senior painting.,Rejected
1107,267,1205,2024-05-09,Lot nature since power special manager deal serious.,Pending
1108,50,47,2024-02-13,Democrat agreement will short.,Processed
1109,1052,1274,2024-04-19,Herself contain water save respond discussion certainly particular.,Processed
1110,1208,667,2024-01-01,Support run local keep key lose price.,Processed
1111,559,485,2024-04-17,Fear product manager training similar here.,Pending
1112,859,1085,2024-03-02,Movie sport summer.,Processed
1113,580,974,2024-05-11,Try attention break.,Processed
1114,645,1173,2024-05-15,Across tend spring leader team husband.,Rejected
1115,437,664,2024-04-03,He boy their final boy nation.,Processed
1116,163,301,2024-05-05,As west plan know unit participant economic beautiful.,Processed
1117,1083,1065,2024-03-03,I then upon resource.,Pending
1118,361,889,2024-05-19,Mention every we add.,Processed
1119,221,1241,2024-03-07,Find could wide over wait.,Processed
1120,624,1156,2024-03-07,Show meeting another line democratic American.,Processed
1121,43,1143,2024-03-25,Before politics story go thus billion.,Processed
1122,930,1241,2024-04-01,Build magazine when product.,Pending
1123,148,919,2024-01-02,Day like here bad down stock safe.,Rejected
1124,757,907,2024-05-06,My drug table project attention build.,Rejected
1125,912,1175,2024-02-05,Indicate than relate pattern benefit.,Rejected
1126,896,834,2024-01-10,Travel character bring explain keep present bank.,Rejected
1127,1184,903,2024-03-02,Our someone wife where star.,Processed
1128,941,307,2024-03-24,Like church miss image program machine police.,Pending
1129,1257,294,2024-01-16,History price leader deep clearly skin increase PM.,Pending
1130,967,221,2024-02-01,Act out court cause trip PM type.,Pending
1131,741,797,2024-05-21,Meet various mention pay argue way especially end.,Rejected
1132,943,783,2024-05-08,Election near stuff two yourself.,Processed
1133,677,622,2024-02-24,Air stage responsibility live design authority.,Rejected
1134,1267,709,2024-01-24,Employee modern teach.,Rejected
1135,219,381,2024-01-25,Discover general our owner born.,Rejected
1136,411,14,2024-01-12,Chair special between people education human.,Rejected
1137,741,455,2024-04-08,Clearly thought tell loss type thousand south method.,Pending
1138,48,395,2024-04-09,Region question doctor difference.,Rejected
1139,1235,944,2024-01-21,Either language low near.,Processed
1140,781,400,2024-03-22,Special act dinner most.,Processed
1141,1066,368,2024-01-05,Discuss person dinner ok around small value.,Rejected
1142,80,1007,2024-04-12,Nature outside collection move know car world.,Pending
1143,1199,1042,2024-02-11,Set company night TV prove.,Processed
1144,55,204,2024-05-01,Week simple rest actually include myself even magazine.,Rejected
1145,1144,691,2024-03-26,Oil plan save drive police sure anyone.,Pending
1146,167,1196,2024-02-18,Evening financial year lot help exist.,Processed
1147,920,783,2024-03-11,Deep hour story such scientist.,Processed
1148,905,523,2024-02-07,Window plant pretty material item.,Processed
1149,184,1162,2024-01-25,Gas last quite size seven cause expert.,Pending
1150,501,777,2024-01-20,Involve leader year cover personal age.,Pending
1151,1206,1010,2024-01-10,Model money spring method.,Pending
1152,917,282,2024-01-15,Sense level whether southern six environment.,Rejected
1153,559,41,2024-04-28,Reason sing begin go actually from.,Rejected
1154,212,184,2024-05-24,Here three receive relate third staff white movement.,Rejected
1155,724,331,2024-03-14,Marriage man under police PM much practice.,Pending
1156,191,12,2024-02-01,Choose number personal everything.,Rejected
1157,800,93,2024-02-20,Course toward woman scene top choose.,Processed
1158,533,1119,2024-05-19,Role whatever clear their key.,Processed
1159,812,342,2024-03-29,Purpose together interesting indeed risk pull figure sing.,Rejected
1160,285,877,2024-02-10,Center full population star clearly.,Rejected
1161,6,1081,2024-04-20,Toward away high concern art.,Rejected
1162,854,366,2024-05-11,Mouth up young continue letter.,Processed
1163,172,1181,2024-04-13,Last article prove executive also best act.,Rejected
1164,1172,926,2024-05-18,Make act heart theory source try.,Processed
1165,888,678,2024-04-13,Author force reality.,Processed
1166,83,477,2024-03-14,Rich sister impact deep learn simple.,Rejected
1167,673,146,2024-05-06,Individual name yes third common toward.,Rejected
1168,592,306,2024-04-20,Information will red on low guess loss son.,Pending
1169,1219,31,2024-02-21,Reveal before rich example style purpose the yeah.,Processed
1170,290,800,2024-04-17,Amount protect science free east.,Processed
1171,1002,735,2024-04-07,Store opportunity against address.,Pending
1172,716,960,2024-02-17,Course bill Republican prevent value analysis good.,Rejected
1173,1,510,2024-02-18,Too mother money type.,Pending
1174,42,1212,2024-05-12,Per different lot without.,Pending
1175,754,574,2024-03-21,Tv seek body rich.,Rejected
1176,1181,916,2024-03-27,Manager goal involve south travel magazine move.,Rejected
1177,1296,760,2024-02-10,Skill my hundred.,Processed
1178,27,911,2024-03-04,Factor happen near deal economy because save.,Pending
1179,404,884,2024-01-13,Most threat particularly set receive while.,Pending
1180,1112,951,2024-05-21,Here end big.,Rejected
1181,530,676,2024-05-26,Radio general federal sure either.,Rejected
1182,430,1019,2024-02-25,Strategy growth bag.,Rejected
1183,599,588,2024-02-27,Year send senior too order social party.,Rejected
1184,880,80,2024-04-22,Condition foreign road though loss.,Rejected
1185,1192,850,2024-05-09,Result feeling cause sense.,Pending
1186,150,1166,2024-04-15,Second who role only against crime hotel.,Processed
1187,255,1261,2024-05-01,Fill middle to cup.,Processed
1188,1242,1081,2024-03-20,Simple million hit enjoy production.,Rejected
1189,231,803,2024-03-20,Tough yet son ok.,Processed
1190,615,391,2024-03-18,Single listen treatment push serve.,Processed
1191,819,446,2024-04-09,Institution organization budget easy seek shoulder weight.,Rejected
1192,464,517,2024-02-22,Majority network return specific red painting standard weight.,Rejected
1193,1059,322,2024-03-14,Reason meeting break lay since.,Pending
1194,1146,1249,2024-02-09,Reflect likely nor keep within organization.,Processed
1195,527,817,2024-05-04,Trouble wife within network or plant.,Processed
1196,1249,522,2024-04-02,Some consider democratic long treat difference.,Processed
1197,1272,154,2024-04-05,Stage either operation move.,Pending
1198,690,182,2024-05-21,Structure generation administration statement could true professional that.,Rejected
1199,833,708,2024-02-08,Order later list yes have.,Rejected
1200,1260,420,2024-05-01,Leader never happen model politics.,Processed
1201,141,1267,2024-04-14,Run necessary as us.,Pending
1202,267,358,2024-05-04,Certain great sense live.,Processed
1203,612,592,2024-04-22,Like none smile shoulder just.,Rejected
1204,151,369,2024-05-17,Begin degree everyone picture stock particular.,Pending
1205,962,631,2024-05-04,Test job wear history explain.,Rejected
1206,541,340,2024-02-18,Somebody second home lot even remember agree.,Pending
1207,1249,291,2024-01-29,Glass administration become appear suffer specific.,Processed
1208,223,671,2024-05-12,He drive find eat everything suggest act.,Processed
1209,531,656,2024-05-20,Full film north girl lose concern.,Pending
1210,362,118,2024-01-15,Reason seven state blood leg treatment wall.,Rejected
1211,447,60,2024-05-07,Nearly account accept.,Rejected
1212,712,632,2024-01-09,They leave rather clear.,Pending
1213,410,1220,2024-05-19,Drug need push.,Processed
1214,739,659,2024-01-13,Night others Mrs common act stay.,Pending
1215,608,1178,2024-03-05,Everyone first trip.,Pending
1216,255,232,2024-03-11,Age ready away black still base form.,Pending
1217,167,161,2024-03-19,Nothing sport admit.,Rejected
1218,226,339,2024-04-30,Type feeling meeting now heart serious image show.,Rejected
1219,808,1269,2024-02-02,Provide decision successful cold.,Rejected
1220,1165,191,2024-01-04,Public add practice three.,Pending
1221,5,440,2024-05-07,We close point and forward maybe quality.,Rejected
1222,1229,986,2024-04-29,Make change decide voice here goal produce.,Rejected
1223,1055,354,2024-05-13,Rock watch parent must future.,Pending
1224,8,1104,2024-02-11,Detail religious material agency newspaper claim us.,Processed
1225,791,173,2024-05-23,Across total team across quickly summer individual.,Processed
1226,774,880,2024-05-22,If decision sister bank.,Rejected
1227,714,655,2024-04-05,Tonight field occur general environmental thing.,Rejected
1228,662,200,2024-02-01,Few amount help seven piece.,Rejected
1229,1030,894,2024-05-05,Top base develop hard free.,Rejected
1230,633,1002,2024-02-28,Whose not identify plant everyone price.,Rejected
1231,723,631,2024-04-01,Near enough building though feel.,Pending
1232,1019,1052,2024-01-12,Term fish charge likely fill.,Rejected
1233,880,258,2024-03-28,Former image law material thousand seek.,Processed
1234,618,1121,2024-02-28,Toward sign to low represent.,Processed
1235,24,818,2024-05-11,Production surface attack deal foreign change doctor.,Processed
1236,616,1203,2024-04-16,Great can test he toward glass may court.,Processed
1237,968,563,2024-01-09,Member hour amount energy scientist itself community.,Pending
1238,1286,727,2024-01-17,Night prevent forward fear.,Pending
1239,107,388,2024-04-15,No consumer share.,Rejected
1240,893,142,2024-01-18,Improve whatever cause.,Pending
1241,937,371,2024-05-17,Wide rise condition thank event property shoulder.,Pending
1242,941,1176,2024-02-23,West head easy.,Processed
1243,324,737,2024-05-09,Skill on federal civil.,Processed
1244,307,1228,2024-02-06,City simply force base.,Processed
1245,864,818,2024-01-25,Career technology scene respond fall guess.,Rejected
1246,436,1199,2024-05-10,Someone current various find will.,Rejected
1247,590,1041,2024-05-18,Fact approach few treatment building if.,Processed
1248,413,1186,2024-05-17,There base sell.,Rejected
1249,638,316,2024-05-21,Hospital morning fast detail debate.,Pending
1250,1037,468,2024-05-06,If husband live cut.,Pending
1251,541,349,2024-05-11,Not pretty body recent seven lay campaign four.,Rejected
1252,390,1105,2024-05-21,Late include share pay.,Processed
1253,746,341,2024-02-13,Thing physical speak event say practice.,Rejected
1254,999,66,2024-04-29,Upon interesting exactly.,Processed
1255,1001,754,2024-03-06,Especially so reality without debate writer through.,Processed
1256,856,616,2024-03-19,Letter news born.,Rejected
1257,263,709,2024-02-06,Into ask bit will cultural early blue.,Processed
1258,172,1129,2024-04-26,Attack recognize certainly bag.,Pending
1259,348,16,2024-04-19,Out compare mention when risk.,Processed
1260,526,739,2024-05-23,Final lay office third floor through.,Pending
1261,239,1218,2024-01-27,Yet avoid town attack responsibility moment.,Processed
1262,209,347,2024-02-25,It also go board avoid.,Rejected
1263,611,851,2024-02-11,Town bit production own TV worry bit.,Pending
1264,838,866,2024-03-17,Surface whose state price enough reflect sure.,Processed
1265,549,1072,2024-02-15,Identify again at step chance push break.,Rejected
1266,587,1058,2024-02-02,Every choice admit particular from almost.,Processed
1267,667,908,2024-05-04,Television area recent billion author.,Processed
1268,1143,904,2024-03-18,Tell result rock continue heart little close.,Rejected
1269,912,109,2024-04-05,Soon majority accept note foot major.,Rejected
1270,1242,1114,2024-02-04,When serve director firm free campaign protect.,Pending
1271,336,1258,2024-03-12,Billion head well start never.,Rejected
1272,467,1260,2024-05-18,Road rock base system woman book research.,Pending
1273,408,1204,2024-04-04,Model rock no note.,Pending
1274,337,1297,2024-02-03,Nearly step account experience.,Rejected
1275,229,243,2024-04-17,From various factor push south notice next human.,Rejected
1276,445,1188,2024-02-13,Treatment soldier local wait design newspaper north.,Pending
1277,159,312,2024-03-04,Size between sometimes wall blue take simply.,Pending
1278,849,351,2024-02-27,Usually environment show force another brother.,Pending
1279,691,147,2024-05-18,Throughout church dog politics on career miss hospital.,Processed
1280,958,1272,2024-05-24,Expert start pull black difference college run institution.,Rejected
1281,342,433,2024-01-13,Clearly couple wife about generation wonder.,Pending
1282,938,108,2024-04-18,Century offer finally century society.,Processed
1283,899,249,2024-01-21,Such out still decade wear become.,Rejected
1284,897,417,2024-04-07,Determine exactly red activity.,Processed
1285,944,88,2024-02-12,Movement easy address million system Mr gas successful.,Pending
1286,654,576,2024-05-24,Life reach first authority indicate.,Rejected
1287,75,567,2024-03-15,Measure represent another wonder marriage hundred everything.,Rejected
1288,517,660,2024-05-15,Like result kid challenge.,Pending
1289,952,322,2024-05-16,Less thing across nature series heart.,Pending
1290,891,69,2024-05-15,Very either sense them major language energy east.,Processed
1291,102,16,2024-01-14,Try box wear easy popular.,Rejected
1292,176,344,2024-02-05,Leave successful method hot because just true.,Rejected
1293,695,882,2024-02-21,Be effect time billion side.,Pending
1294,238,1221,2024-03-29,Science age statement baby all.,Processed
1295,365,135,2024-04-30,Religious challenge dark specific cell card argue message.,Rejected
1296,796,238,2024-04-02,Ask know student door accept.,Pending
1297,879,901,2024-05-11,Low up total describe.,Pending
1298,39,794,2024-03-29,Available seat up side accept.,Pending
1299,180,1007,2024-03-19,Measure force work cause maintain family.,Pending
1300,514,237,2024-01-24,Difference top year.,Pending
