warehouse_id,warehouse_name,location,capacity,manager,operational_since,num_employees
1,Smith Inc,North Harryside,751,Sarah Terry,2021-08-20,29
2,Allen Ltd,Mirandaburgh,153,Charles Thompson,2012-08-05,58
3,Cook-Boyd,Briannaberg,783,Jimmy Alvarado,2006-10-18,53
4,Horton-Lane,West Kaylamouth,194,Zachary Montoya,2004-09-19,30
5,Brewer and Sons,New Scott,743,Joseph Camacho,2000-11-09,77
6,"Benson, Frederick and Robertson",Henryport,596,Jennifer Reynolds,2011-11-25,29
7,Stein and Sons,Conradfort,827,George Harvey,2007-06-20,61
8,Wilson-Clark,Matthewfort,286,Rachel Gill,2012-03-16,77
9,Estes PLC,South Meghanbury,563,William Cooper,2014-12-09,63
10,Mcintyre and Sons,South Latoya,328,Robert Reyes,2008-11-05,7
11,Johnson-Harris,South Carlos,709,James Parks,2017-07-05,84
12,Jones Ltd,Sheilamouth,739,Jill Perry,2015-04-01,74
13,Lewis and Sons,Thomaschester,276,Arthur Jones,2022-11-29,5
14,"Woods, Lopez and Flores",South Lauraport,949,William Hays,2014-03-02,54
15,Haas-Wilson,Port Tammyville,837,Tina Cummings,2012-08-16,36
16,Chapman-Ward,Lake Justin,816,Matthew Hernandez,2010-07-08,85
17,Stewart-Carpenter,Port Jessica,553,David Thomas,2021-01-31,76
18,Wolfe Inc,Marqueztown,261,Timothy Reed,2001-11-23,75
19,"Nguyen, Hernandez and Murray",Welchville,930,James Velazquez,2011-08-20,31
20,Rodriguez Ltd,Lawsonborough,398,Jeffrey Morgan,2002-09-16,67
21,"Singleton, Williams and Ramos",Port Nicholasfurt,245,Christopher Kim,2017-06-08,20
22,Kelly LLC,New April,490,Joseph Thompson,2015-03-26,89
23,Walker-White,Teresamouth,138,Lacey Moore,2014-03-28,73
24,Collins PLC,North Tylerbury,951,Amy Lyons,2006-03-02,55
25,Clark-Young,Connietown,412,Courtney Johnson,2022-07-24,69
26,"Brooks, Combs and Buchanan",Rogerborough,116,Breanna Swanson,2012-10-19,82
27,"Lee, Ford and Ramirez",Port Kenneth,270,Marissa Mckee,2021-12-30,50
28,Davis and Sons,Josechester,697,Thomas Christian,2016-02-28,29
29,Smith LLC,South David,755,Michael Higgins,2001-05-28,32
30,Torres-Heath,Port Walter,429,Amy Craig,2020-01-23,72
31,Peck-Roth,East Brookeborough,976,Rhonda Cortez,2004-06-02,5
32,"Berger, Hicks and Mitchell",North Jessicaland,793,Victoria Burns,2014-03-27,53
33,"Davis, Garcia and Simon",Port Joshuamouth,580,David Spencer,2015-11-18,5
34,Summers-Cain,Fowlerland,423,Christine Mckee,2006-02-22,40
35,Glenn-Weber,Carlosville,498,Stephanie Miller,2001-11-16,99
36,"Terry, Ellis and Ward",Rodriguezton,167,Renee Riley,2011-11-02,46
37,Washington-Mccarthy,Lesterburgh,800,Brandon Turner,2000-04-29,62
38,Martinez and Sons,East Petertown,946,Christina Rosales,2022-08-12,49
39,Delacruz-Wheeler,Tuckerside,930,Wanda Jones,2001-11-07,25
40,"Berry, Gilmore and Wilkinson",Harrisville,499,Anne Gallagher,2018-04-16,86
41,Reyes-Grant,New Pamelafort,411,Kristine Shaffer,2014-04-04,14
42,Kelly PLC,Michaelburgh,459,Michael Howard,2005-01-26,35
43,Weaver-Flores,South Lawrence,400,Paul Hansen,2007-09-30,33
44,"Mcclain, Ochoa and Wilson",Lake Corey,171,Anthony Smith,2007-04-29,57
45,Flores Group,Lake Tammy,752,Nancy Davis,2001-03-11,66
46,"Ford, Freeman and Perez",East Donald,718,Jose Wilson,2010-06-15,72
47,"Miller, Stafford and Warren",South Lorrainefurt,244,Stacy Kelly,2023-02-24,30
48,Ramirez and Sons,West Anna,143,Garrett Cooper,2015-09-12,99
49,Villa LLC,Kellyburgh,217,Melissa Rivera,2008-09-05,22
50,"Wright, Ferguson and Gutierrez",Reynoldsville,698,Walter Moss,2022-12-17,21
51,Roberts-Beltran,Irwinfort,611,Adam Cook,2005-03-11,60
52,Bartlett-Cunningham,Kennethside,811,Andrea Everett,2000-03-05,75
53,"Ray, Wood and Matthews",North Pamelaburgh,853,George Murphy,2007-05-14,57
54,"Bradley, George and Chase",East Gabrielamouth,791,Angel Porter,2023-11-23,6
55,"Mclaughlin, Hess and Berg",North Judyland,333,Isaac Herrera,2006-04-30,32
56,Clark Inc,North Jennifer,315,Kevin Bennett,2006-09-12,25
57,Miller-Sanders,South Cody,399,Adam Ellis,2019-04-13,57
58,"Landry, Hutchinson and Ray",South Christian,188,Alan Adams,2021-05-21,69
59,Wilson-Mcconnell,New Katherine,320,Denise Perry MD,2011-03-30,36
60,French-Collins,South David,825,Timothy Sandoval,2009-11-13,71
61,Chen LLC,North Dalton,903,Jesus Gates,2007-11-01,56
62,Burke Inc,North Luke,107,Zachary Perez,2010-08-26,65
63,Park PLC,Denisestad,468,Jeremy Black,2017-08-23,28
64,"Vasquez, Perez and Dixon",Allenville,830,Jason Smith,2010-07-04,38
65,"Casey, Mclaughlin and Romero",New Denise,196,Miss Diana Rubio DVM,2008-06-27,65
66,Martin-Luna,Juliechester,149,Nathan Salas,2012-05-20,93
67,West-Frank,South Angelica,147,Virginia Villanueva,2003-01-09,53
68,Sims-Lambert,Christinaport,416,Matthew Flores,2003-02-19,22
69,"Walton, Shaw and Green",Frankside,159,Stephanie Taylor,2024-03-02,77
70,Conner Ltd,Kathleenside,476,Brian West,2016-09-06,63
71,"Avila, Torres and Rodriguez",North Robinfurt,303,Ashley Armstrong,2009-10-12,39
72,Perez Ltd,Ramoschester,997,Patrick Leonard,2017-04-09,39
73,Brown-Woods,South Dominique,144,Philip Barnes DDS,2017-05-27,64
74,Hughes-Salinas,Matthewhaven,413,Maureen Robertson,2007-12-04,82
75,Graham-Morton,West Brittany,575,Robert Fox,2008-01-12,85
76,"Rodriguez, Ford and Holmes",North Christine,985,Lauren Fitzgerald,2009-03-08,56
77,Jacobson Group,Emilyhaven,116,Angie Lopez,2021-02-07,31
78,Allen Inc,Timothybury,928,Tracey Hanson,2009-03-29,66
79,Cabrera Group,Grayfurt,599,Wendy Murray,2011-03-05,100
80,Ball Ltd,Philliptown,478,Sean Rodriguez,2000-01-22,51
81,Rosario-Wong,Michaelville,769,Crystal Gardner,2003-08-29,33
82,Chavez Inc,South Prestonland,124,Jennifer Carr,2013-08-21,43
83,Watson Group,East Andrew,552,Sara Ross,2024-03-30,87
84,Turner-Larson,Jaytown,128,Micheal Marsh,2007-06-27,66
85,Young-Robinson,Edwardsmouth,991,Michele Stevens,2019-08-24,48
86,Christensen PLC,New Timothy,363,Brian King,2014-01-02,91
87,Clark-Johnson,Jennifermouth,555,Steven Hawkins,2004-04-10,47
88,Williams-Newman,South Anna,666,Pam Matthews,2019-02-05,55
89,Perkins-Palmer,West Michael,150,Tammy Cox,2003-07-05,21
90,"Hahn, Hall and Thompson",Angelabury,152,Keith Huang,2008-10-29,30
91,Lindsey-Gonzalez,Tateview,781,Cheyenne Tanner,2001-01-31,38
92,Nelson Inc,South William,526,Scott Wright,2008-01-03,15
93,Kelly-Murphy,Chapmanborough,846,Jessica Buck,2018-11-19,11
94,Graham-Oliver,East Sierra,180,Kristy Roach,2016-03-12,30
95,Jones-Hernandez,Lake Valeriefort,665,John Foster,2023-11-28,69
96,Horton-Orr,Collinsberg,247,Larry Carlson,2003-04-25,55
97,Gibson and Sons,Port Victorberg,571,Chelsea Owens,2016-09-05,65
98,"Hughes, Ramirez and Bartlett",Christopherstad,521,Joel Taylor,2021-01-18,21
99,Greene-Miller,Perezmouth,826,Michael Johnson,2019-01-08,97
100,"Carter, Miller and Jones",Dennisburgh,411,Whitney Gibbs,2024-03-30,35
101,Navarro-Smith,Port Daniel,723,Curtis Robinson,2024-01-21,77
102,Crawford-Clark,Lake Andreamouth,108,Brian Harrison,2018-02-10,57
103,"Smith, Fowler and Young",Port Haley,843,Sean Burke,2023-12-09,80
104,Barnes Inc,Jamestown,183,Anne Smith,2008-10-17,26
105,Davis Ltd,North Paige,214,Tina Jordan,2012-04-06,33
106,Arnold-Jones,West Ronald,630,Edwin Pope,2019-08-22,75
107,Valdez-Maldonado,Combsstad,869,Lori Garza,2012-03-16,42
108,Jones-Rodgers,Kurtfort,769,Michelle Perkins,2008-03-21,71
109,"Williams, Zamora and Anderson",North Teresafurt,341,Anthony Perez,2010-11-21,28
110,Diaz-Weiss,Michellebury,920,Erik Wilson,2003-04-02,34
111,"Cobb, Bailey and Morris",Lake Cliffordview,242,Sharon Wright,2006-03-24,34
112,Walls-Mack,Bowmanmouth,641,Norma Hicks,2008-10-07,8
113,"Lopez, Noble and Lynch",West Angelamouth,502,Donald Wright,2023-05-15,21
114,Murphy LLC,Blackwellmouth,272,Nicholas Thompson,2020-03-28,59
115,"Wilkins, Wilson and Sims",Theresafurt,139,Ashlee Reyes,2023-03-11,92
116,Khan Group,Hallfort,627,Blake Williams,2001-07-23,34
117,Lopez Ltd,North Jasonmouth,833,Kevin Anderson,2008-02-23,22
118,"Gomez, Rodriguez and Graham",Shawnmouth,917,Jennifer Hancock,2008-08-07,55
119,Hancock-Acevedo,Cortezland,793,Sabrina Butler,2009-07-26,43
120,"Price, Cox and Conrad",Leeburgh,984,Frances Owens,2004-09-29,61
121,Hoffman-Carter,South Sydneyshire,296,Melanie Alexander,2009-08-03,88
122,"Castro, Garcia and Wells",Port Tina,200,Brian Hall,2021-01-28,97
123,"Peck, Gray and Padilla",Kellyhaven,713,Brian Rodriguez,2012-03-02,20
124,Huber-Kramer,Johnborough,936,Lisa Hernandez,2018-11-20,77
125,"Schmidt, Gomez and Jones",Jamesberg,527,Robert Johnson,2000-08-12,33
126,Martinez Inc,East Sean,139,Nina Sanchez,2023-05-06,83
127,"Velez, Deleon and Rowland",Kimberlyport,493,Kathleen Mcdonald,2016-04-05,50
128,Lee-Weaver,East Eric,186,Amanda Steele,2023-03-03,48
129,George-Lee,Nelsonland,252,Nathan Edwards,2010-06-14,69
130,"Reynolds, Graham and Lamb",Danielsberg,937,Cynthia Guerra,2012-10-06,71
131,Landry-Rojas,Kennedyfurt,855,Amanda Burns,2000-01-26,15
132,"Chung, Lee and Flynn",South Lorraine,808,Katie Parsons,2015-12-02,74
133,Foster LLC,Melissamouth,192,John Chang,2007-07-02,18
134,Miller-Wade,East Eric,183,Heather Allen,2013-02-10,56
135,Guzman LLC,Gregorytown,609,Andrew Bird,2009-05-13,25
136,"Stewart, Ellis and Zimmerman",Lake Michaelshire,551,Jaime Mcfarland,2013-08-16,53
137,Lawrence LLC,New Veronicafurt,324,Lisa Kent,2001-01-09,47
138,Mora Group,West Monica,560,James Johnson,2013-08-13,44
139,Hines and Sons,New Davidside,932,Scott Hunter,2019-05-06,14
140,"Larsen, Gordon and Miller",West Christina,719,Gerald Figueroa,2014-11-22,83
141,Morgan-Rodriguez,Edgarside,974,Sheila Greene,2017-02-22,41
142,Taylor-Kim,North Tiffanyview,615,Jillian Davis,2007-01-03,12
143,Herrera Ltd,Murphyfurt,780,Sylvia Skinner,2008-05-05,98
144,Simpson Ltd,Port Beth,302,Lisa Smith,2023-08-26,62
145,"Bowman, Baldwin and Black",Anthonymouth,354,Melissa Oconnor,2011-02-11,98
146,"Edwards, Robinson and Chen",Lake Valerie,709,Latoya Jimenez,2011-06-09,5
147,"Williams, Martin and Andersen",North Michaelmouth,804,Shawn Moore,2009-12-16,6
148,Warren-Hunt,West Hannah,766,Ashlee Brown,2018-08-23,60
149,"Smith, Chavez and Lozano",Port Heatherbury,572,Drew Armstrong,2004-02-06,69
150,Palmer Ltd,West Jenny,317,Matthew Garcia,2004-10-03,11
151,"Hall, Carpenter and Kidd",New Michael,372,David Baker,2020-05-27,87
152,Perez-Chavez,Kirstenchester,846,Kristina White,2006-06-04,19
153,"Nguyen, Travis and York",Port Leonard,468,Linda Adams,2009-03-14,99
154,"Moreno, Lopez and Torres",East Jessicaland,675,John Lyons,2004-11-28,100
155,Kaiser-Holmes,West Jaimehaven,173,Kimberly Ellis,2020-01-13,40
156,Cisneros Inc,Williamsbury,234,Katie Fernandez,2016-10-03,98
157,Parsons-Miller,Johnsonbury,615,Danny Collins,2000-02-22,72
158,"Green, Carter and Ali",South Sharon,910,Brittney Butler,2023-06-26,52
159,Warren-Oneal,Port Kevinchester,772,Larry Zavala,2012-04-23,92
160,Velasquez Group,Robertborough,478,Jesse Nguyen,2009-12-03,39
161,"Ferguson, Richardson and Price",South Stevenbury,724,Herbert Olson,2020-10-10,78
162,Barker and Sons,Valeriefurt,398,Martin Espinoza,2007-09-25,17
163,"Hickman, Lam and Shaffer",Chapmanland,132,Jennifer Ortiz,2012-01-21,24
164,Erickson Inc,Jensenmouth,944,Duane Perez,2005-07-02,27
165,Aguilar-Walker,Johnsonfurt,279,Ann Larson,2012-10-14,94
166,"Gates, Davis and Joyce",Lake Amanda,657,Benjamin Moore,2023-05-21,57
167,"Rivera, Pineda and King",Bradleyburgh,992,Michelle Burton,2003-07-18,16
168,Brown Ltd,Brandtport,682,Christina Walker,2008-08-10,57
169,Holmes Inc,Sotoside,415,Tracy Stone,2002-04-27,63
170,Peterson and Sons,New Nicholas,120,Jessica Harrison,2003-04-13,40
171,Nguyen-Page,Littleville,542,Evan Montgomery,2011-06-26,99
172,Marquez Inc,West Garyfurt,1000,Mitchell Horne,2006-07-30,27
173,"Martinez, Coleman and Ramos",Kathrynborough,973,Paige Smith,2017-02-24,16
174,Hicks Group,Johnstad,870,Emily Chapman,2009-04-08,56
175,Cole LLC,Lake Joseph,238,Frederick Madden,2011-02-03,80
176,"Powell, Spencer and Nguyen",West Sean,765,John Smith,2021-02-22,96
177,"Shaw, Obrien and Johnson",East Mollyberg,931,Margaret Rodriguez,2019-01-21,7
178,Bennett-Torres,Riveraview,608,Jason Alvarado,2019-08-04,40
179,Ramirez and Sons,Pamelastad,396,William Hudson,2008-03-12,26
180,Erickson-Beasley,Lake Amy,961,Michael Anderson,2012-08-03,16
181,"Gilbert, Wolf and White",West Fernando,211,Mitchell Williams,2010-02-04,35
182,Hughes and Sons,Irwinland,665,Mandy Martinez,2014-06-20,51
183,Davis-Mays,Port Kenneth,577,Brian Craig,2024-04-15,19
184,"Cole, Mason and Williams",Jennaville,290,Michael Ramos,2000-11-24,68
185,Benson Ltd,Jacobfort,889,Timothy Daugherty,2004-06-06,18
186,Freeman-Perkins,New Rebekahstad,738,Cindy Salas,2003-07-18,23
187,"Dominguez, Decker and Ramirez",Lamborough,935,Tony Jones,2019-01-01,66
188,Suarez-Webb,East Adam,148,Brenda Robbins,2001-05-31,71
189,Barnett Ltd,West Glenn,494,Tonya Burke,2021-05-27,40
190,"Smith, Lopez and Lee",Garciaview,810,Ryan Hensley,2017-03-17,59
191,Price-Logan,Mathisburgh,839,Stephen Brown,2013-09-25,7
192,Ritter-Cole,East Larry,841,Meagan Palmer,2003-06-04,97
193,Hill-Hughes,West Miguelfurt,182,Deborah Frazier,2019-05-04,52
194,Richardson-Rodriguez,Dawnport,171,Chris Sullivan,2005-04-05,82
195,Collins Inc,Crystalland,520,Chad Hampton,2012-12-11,55
196,Freeman PLC,Amandamouth,516,Alicia May,2000-10-14,91
197,"Harris, Snyder and Vasquez",Clarkfurt,710,Latoya Stokes,2013-06-05,48
198,Rivera-Jones,Jessicafort,141,Beverly Frazier,2006-04-18,72
199,Mcdowell and Sons,West Janetfort,452,William Salazar,2022-04-05,50
200,"Ellison, Martinez and Ramirez",Guymouth,358,Alexis Cole,2004-10-26,55
201,Wright-Morris,Ryanfurt,914,Paul Johnson Jr.,2008-12-23,60
202,"Serrano, Lee and Clark",Jennyberg,762,Kathy Sanchez,2003-09-24,38
203,Thompson Group,West Raymondside,546,Dean Brown,2012-10-22,50
204,Smith-Brown,Stewartborough,565,Marcus Anderson,2002-05-18,56
205,"Torres, Diaz and Banks",North Jennifer,311,Jennifer Bentley,2012-05-06,28
206,Hall PLC,Antoniohaven,430,Margaret Wilcox,2015-10-07,22
207,Warner-Mason,Timothymouth,573,Carlos Santana,2015-04-29,67
208,"Christian, Brown and Thompson",Gonzalezburgh,104,Corey Morris,2015-11-08,8
209,"Obrien, Reynolds and Anderson",Jasminestad,314,Debbie Fitzgerald,2015-02-13,68
210,"Bush, Jones and Baker",South Deborahshire,895,Amy Snow,2017-09-24,98
211,Galvan Ltd,Port David,822,Shari Joseph,2024-05-25,69
212,"Mendoza, Fisher and Joseph",West Wesley,348,Kristen Ramirez,2005-10-09,29
213,Allen Inc,Justinside,156,Zachary Reed,2006-08-29,49
214,Levy-Williamson,Paulburgh,604,Dr. Curtis Kirby,2006-08-28,71
215,Alvarez-Russo,Lake Amandafort,508,Brian Ochoa,2022-01-18,11
216,"Martin, Hill and Rios",Lindseyburgh,770,Tina Gonzalez,2022-09-10,77
217,Williams PLC,Maciasfurt,532,Ashley Henry,2007-06-20,100
218,Perez LLC,Stewarttown,481,Lori Riley,2005-07-11,91
219,Contreras and Sons,Sandersbury,968,Nicholas Yang,2021-07-31,69
220,Smith Ltd,Colestad,307,William Carr,2012-06-05,30
221,White PLC,Bartlettland,256,Lisa Velez,2021-02-14,52
222,Melendez-Navarro,Jonathanside,252,Nathan Green,2007-05-26,94
223,Baker-Bonilla,Joneston,287,Ashley Gallegos,2000-07-17,43
224,Reilly-Morgan,Gilltown,727,Kyle Rogers,2005-12-15,96
225,"Young, Smith and Kelly",Pattersonmouth,746,Christopher May Jr.,2000-02-16,87
226,Calderon-Simmons,Port Aaronfort,580,Rachel Mckay,2010-06-19,97
227,Walker-Frazier,West Ericaborough,984,Laurie Jenkins,2006-06-03,81
228,Brown Ltd,New Thomasfurt,892,Jacqueline Hancock,2021-10-18,89
229,Wright-Jacobs,Jenniferstad,486,Jason Robinson,2010-06-01,52
230,"Flores, Thompson and Ryan",Port Michaelfort,479,Richard Gomez,2020-03-03,63
231,Mcclain-Spears,South Jack,423,Mark Oneal,2015-04-26,7
232,"Lewis, Gonzales and Andrews",Stephanieton,561,Jessica Valenzuela,2006-07-13,15
233,Flores-Baker,Wademouth,830,Michael Reyes,2017-03-16,16
234,Carroll-Hodge,Gabriellastad,161,Jeremiah Whitaker,2023-05-13,22
235,Sullivan-Pope,North Brenda,180,Thomas Callahan,2008-10-21,41
236,Shannon Inc,Port Toni,460,Billy Keller,2008-05-28,68
237,Haas Group,East Lori,410,Lori Schwartz,2008-10-01,14
238,"Blackwell, Lowe and Byrd",Bradleyport,108,Paul Cobb,2023-08-23,33
239,Norris LLC,Cynthiaside,736,Ryan Johnson,2023-07-22,13
240,Snyder Ltd,Fuentesport,381,David Jones,2006-09-30,20
241,Price-Garza,Port Anthonychester,287,Regina Malone,2011-03-18,40
242,Morales PLC,Pageville,360,Wesley Fuentes,2011-09-01,12
243,"Fry, Hill and Adams",East Alexismouth,911,Oscar Jones,2020-02-21,14
244,Bowman Group,Port Rachael,208,Dylan Hill,2013-08-24,15
245,Moyer Inc,South Dawn,556,Anne King,2012-04-04,49
246,Murray LLC,Colemanmouth,470,David Washington,2014-04-03,61
247,"Gaines, Keller and Gibson",Hernandezbury,266,Tyler Wright,2014-09-05,63
248,"Barnes, Harrington and Williams",Pamelaside,438,Mindy Stewart,2009-02-02,82
249,Salas-Brooks,Port Molly,538,Mitchell Forbes,2003-07-20,65
250,"Harris, Harrison and Sanchez",Martinezberg,296,Rebekah Morales,2024-04-11,28
251,Patterson-Ross,Jessicabury,320,Karen Reid,2009-06-01,87
252,"Davis, Mccarty and Ruiz",New James,354,Mitchell Pineda,2017-05-20,99
253,Meyers-Robbins,East Tommyburgh,116,Mary Boyd,2002-11-29,56
254,Nichols Inc,Johnsontown,754,Daniel Patterson,2017-08-26,92
255,Figueroa-Martinez,Lisaburgh,584,Ricardo Alexander,2000-05-28,95
256,"Rodriguez, Cook and Hendrix",Gregorymouth,931,Phillip Brown,2001-12-21,66
257,"Hanson, Underwood and Butler",Johnview,119,Daniel Weber,2017-01-04,78
258,"Miles, Martinez and King",Rachelmouth,824,Sarah Bishop,2009-09-15,89
259,Guerra-Harris,East Paulastad,690,Catherine Boyd,2000-07-27,36
260,Hodge Inc,Matthewhaven,361,Heather Robbins,2015-02-11,24
261,Mitchell Group,Elizabethmouth,862,Renee Wiley,2002-03-17,52
262,"Kramer, Holmes and Parker",West Danielleburgh,805,Steven Baker,2019-11-30,17
263,Wells Inc,South Travischester,814,Roger Garcia,2000-04-29,15
264,Bryant LLC,Stephensburgh,937,Joseph Macdonald,2020-12-06,37
265,"Watkins, Spencer and Briggs",Mcdonaldville,868,Kelly Reynolds,2018-07-12,67
266,"Cuevas, White and Meza",Lake Lydiabury,291,Jose Campbell,2004-08-02,60
267,"Nelson, Taylor and Huber",Joshuatown,163,James Perez,2018-06-13,73
268,"Landry, Smith and Hernandez",Lake Stacy,348,Beverly King,2019-04-27,50
269,Allen PLC,Scottbury,231,Ronald Trujillo MD,2012-11-04,88
270,Hendricks-Edwards,Juanstad,114,Todd Chen,2005-07-07,29
271,Clark Ltd,Moramouth,922,Courtney Kelly,2011-03-16,96
272,"White, Coleman and Walsh",Patrickport,401,Sheri Long,2005-04-03,94
273,Jones Ltd,South Laurenstad,318,Megan Thornton,2016-07-19,75
274,"Peters, Roberts and Johnson",New Austin,692,Scott Salas,2020-09-25,91
275,Clark Inc,Aprilside,775,Mrs. Maria Stevens,2021-08-13,90
276,"Hamilton, Ferguson and Butler",New Jeffrey,864,Christine Velasquez,2019-12-27,61
277,"Johnson, Santiago and King",Jeremyfurt,800,Michael Moody,2009-06-17,25
278,Lewis and Sons,Mirandafurt,352,Ivan Jordan,2013-05-24,66
279,"Chapman, Quinn and Rodriguez",Brittneyville,533,Steve Odonnell,2017-09-06,43
280,"Phillips, Harris and Smith",Debrafurt,605,Jason Flores,2004-03-23,45
281,Krueger-Brown,New Carolyn,231,Mrs. Rebecca Moran MD,2022-12-11,33
282,Jimenez LLC,Saraport,173,Marcus Estes,2002-11-24,10
283,"Simpson, Merritt and Daniels",New Kim,737,Brandon Flores,2013-04-16,65
284,Shaw PLC,Reynoldsmouth,501,Erin Bender,2010-08-14,21
285,"Davis, Turner and Turner",South Kevin,546,Timothy Nelson,2009-04-16,16
286,Cordova Inc,Obrienmouth,105,Sean Morrison,2007-08-02,16
287,Bowman Inc,Derekshire,640,Mrs. Molly Garrett,2008-11-06,48
288,Williams-Mclean,Gonzalesbury,717,Kurt Rush,2024-04-04,19
289,Ward-Joseph,Lake Nichole,407,Eric Perry,2021-10-25,85
290,Martin LLC,West Kennethborough,186,Tyler Martinez,2017-09-03,89
291,Johnson-Rodriguez,New Maxwellfort,154,Donald Fletcher,2012-03-20,7
292,Chandler PLC,Kruegerstad,260,Linda Rodriguez,2008-01-08,48
293,"Colon, Brown and Jimenez",Michaelshire,350,Susan Adams,2020-10-28,93
294,Hood LLC,New Jamesfort,585,Gabrielle Sutton,2014-08-12,39
295,"Ramos, Arnold and Fuller",Wrightfurt,487,Michael Norman,2005-10-17,68
296,Francis Inc,South Brian,987,Brandon Martin,2019-01-13,35
297,Forbes-Barber,Lake Jesusmouth,482,Dana Williams,2010-09-26,12
298,Wolfe Inc,North Gabrielleport,384,Christopher Harris,2020-01-15,79
299,Collier-Fry,Millerbury,173,Zachary Sanders,2011-02-06,25
300,Petty-Marsh,Gregoryview,180,Deanna Watts,2000-09-05,90
301,"Brown, Mitchell and Cook",Williamberg,855,Amanda Gibson,2003-11-13,98
302,"Martinez, Tyler and Walker",Harrisside,407,Benjamin Herrera,2019-07-15,9
303,Marshall Group,South Shawn,254,Amanda Jimenez,2013-11-03,48
304,Strickland-Williams,Figueroafurt,719,Kelsey Marshall,2011-07-13,30
305,Baker and Sons,Harrisshire,235,Elizabeth Jenkins,2019-06-23,54
306,Ramirez Ltd,South April,658,Jeffrey Smith,2023-11-04,62
307,Hughes Group,Kimberlymouth,819,Priscilla Hamilton,2005-04-19,93
308,Green-Alvarez,Sharonview,644,Ryan Norris,2008-01-25,72
309,Saunders-Espinoza,Tinaburgh,527,John Brown,2012-08-09,57
310,Morris PLC,Stevenville,696,Nicole Ross,2021-09-16,77
311,"Walker, Holder and Taylor",West Tylertown,365,Cynthia Padilla,2012-04-04,24
312,Mitchell-Padilla,Lake Amy,525,Abigail Boyd,2012-11-18,14
313,"Brooks, Cobb and Diaz",Matthewland,691,Denise Ford,2017-09-07,9
314,"Mitchell, Carter and Wilson",Melissaborough,357,Linda Lee,2007-07-08,91
315,"Olson, Wong and Kirk",Josefort,791,Margaret Kemp,2010-05-24,63
316,"Welch, Reilly and Johnson",Stephenborough,334,Pamela Wood,2019-11-14,18
317,"Hernandez, Thompson and Nelson",South Davidville,889,Joy Holmes,2017-03-04,78
318,Li Ltd,Lake Seanfort,446,James Alexander,2010-02-26,45
319,Lin-Solomon,Lake Evan,501,Mark Villa,2020-09-07,28
320,Schroeder-Friedman,West Angela,569,Angela Williamson,2000-03-11,92
321,Craig Group,Williambury,635,Michael Wallace,2010-11-06,46
322,Williams-Hartman,East Veronicaton,530,Marcia White,2007-06-08,25
323,"Hebert, Brooks and Johnson",Robertview,147,Alexa Carter,2023-09-29,29
324,Anderson-Avila,West Joseph,763,Cindy Ellis,2009-10-28,68
325,Leon-Thomas,Martinezport,459,Jared Mitchell,2015-11-14,72
326,"Haas, Green and Ballard",Sarahhaven,314,Lance Osborn,2005-11-21,32
327,Washington-Miller,Richmondborough,980,Tamara Lawrence,2018-02-06,25
328,Larsen-Duran,Justinfort,516,Janice Lewis,2006-06-18,49
329,Owens-Webster,New Kurtchester,761,Ashley Solis,2013-11-30,80
330,Ross and Sons,Woodland,444,Dr. Daniel Trevino,2009-09-06,43
331,Barber Inc,North Michael,670,Shannon Thomas,2003-07-14,78
332,"Ray, Phillips and Clark",Josephburgh,371,Juan Townsend,2005-08-13,26
333,Crawford-Williamson,Austinton,213,Elizabeth Fischer,2002-09-03,99
334,Martinez Ltd,South Derek,717,Brooke Taylor,2015-11-05,70
335,Young and Sons,Annetteburgh,539,Danny Taylor,2000-10-14,8
336,Pratt-Nelson,Nelsonville,905,Timothy Williams,2005-01-17,79
337,Smith Group,Paynefurt,410,Tara Carter,2019-02-25,79
338,Wright-Romero,South Teresamouth,178,Karen Mccullough,2013-05-23,63
339,"Lyons, Figueroa and Krueger",Lake Alex,782,Bryan Nguyen,2002-11-27,69
340,"Montoya, Wheeler and Ingram",Johnfort,302,Jay Williams,2014-02-07,34
341,"Frye, Maldonado and Mills",Debraville,189,Brittney Boyd,2018-11-09,52
342,"Powers, Silva and Coleman",New Kristenside,968,Heather Cantrell,2021-06-03,14
343,"Mcdonald, Hutchinson and White",Velasquezbury,959,Kristin Gray,2010-04-07,29
344,"Conley, Watson and Graham",New Jessica,263,Andrea Brown,2012-09-22,25
345,Walker-Haynes,East Michael,489,Richard Berry,2001-03-10,12
346,"Jones, Miller and Blanchard",East Jamieside,321,Pamela Young,2018-12-07,11
347,"Douglas, Moreno and Grimes",Port Rickport,945,Derek Oliver,2006-12-28,6
348,Anderson-Castillo,South Aliciafurt,581,Hunter Thomas,2018-02-23,73
349,Mitchell-Aguilar,Lake Julie,672,Mrs. Teresa Allen MD,2023-10-22,37
350,"Wong, Wolfe and Molina",West Deborahview,408,Tammy Wood,2016-03-17,26
351,"Huff, Hood and Garza",Marychester,881,Donna Thomas,2021-04-08,7
352,"Edwards, Day and Bond",Johnsonhaven,962,Bridget Little,2015-01-29,51
353,Torres-Miller,Lake David,861,Kimberly Warren,2000-07-09,28
354,Aguilar-Nixon,South Brianview,759,Carrie Gillespie,2015-08-12,82
355,"Lee, Ruiz and Gutierrez",Weaverborough,811,Dr. Elizabeth Calhoun,2001-01-11,32
356,"Nash, Wilson and Bailey",Kimberlybury,533,Jeremy Mccullough,2005-08-19,89
357,"Norton, Moore and Hoffman",Henryfort,696,Susan Simon,2021-03-02,31
358,"Stephens, Richardson and Reid",Smithchester,910,Diane Brown,2008-05-30,50
359,"Gray, Myers and Adams",Greeneland,238,Nicholas Maddox,2016-10-08,90
360,"Green, Livingston and Santiago",Dawnberg,181,Bobby Daniels,2013-03-16,17
361,"White, Morrison and Smith",Nguyenstad,667,Carolyn Booker,2018-12-19,80
362,"Hernandez, Hill and Williams",Brittanybury,317,Taylor Cook,2006-06-23,56
363,Evans PLC,North Lucasmouth,858,Linda Brooks,2006-06-03,58
364,"Wagner, Ruiz and Morgan",Tonishire,717,James Walsh,2013-05-19,14
365,"Hill, Adams and Vargas",Port Amandastad,317,Sara Buckley,2005-10-13,47
366,Richardson Group,New Christopher,449,John Perry,2004-12-17,89
367,Walker Ltd,Beanborough,454,John Martinez,2019-11-04,10
368,"Howard, Wheeler and Ware",Marshallberg,422,Steven Bernard,2015-03-02,30
369,"Richardson, Lara and Lee",Steeleborough,333,Emily Jackson,2017-01-18,79
370,Rose-Massey,Port Robert,259,Joseph Hubbard,2013-12-29,66
371,Hill Inc,Gutierrezview,521,Henry Pena,2001-02-06,74
372,Garcia LLC,Jordantown,893,Tina Koch,2002-10-17,24
373,"Kelly, Bruce and Mercado",Port Whitney,979,Ashley Mcdonald,2011-01-03,83
374,Garza and Sons,Richardsonhaven,252,Parker Lopez,2022-02-01,16
375,Gross-Poole,West Alan,596,Patricia Bullock,2014-04-01,83
376,Gross Inc,Rubioborough,587,Julie Castillo,2015-06-19,29
377,Carpenter PLC,Whiteburgh,600,Rachel Pineda,2009-03-27,28
378,Davis and Sons,New Steven,865,Richard Vega,2015-02-27,59
379,Buckley-Smith,Port Gailshire,455,Kathy Jones,2012-06-05,100
380,Diaz Ltd,Ramseyfort,476,Dominic Mitchell,2007-05-25,54
381,"Taylor, Sandoval and Spencer",Lindaton,298,Kimberly Jackson,2010-05-06,62
382,"Caldwell, Greene and Ford",Henryfurt,790,Jody Moss,2006-08-09,55
383,Mcintosh Group,North Jasonfort,138,Michael Vega,2008-01-24,59
384,"Crosby, Sexton and James",Masonhaven,306,Jimmy Tanner,2000-12-31,41
385,Fields LLC,Savageside,580,Ryan Campbell,2003-04-10,65
386,Dennis-Martinez,Alexandertown,319,Samantha Smith,2017-12-11,51
387,"Rojas, Skinner and Thompson",East Dennis,590,Christopher Schwartz,2005-05-12,81
388,"Nelson, Harris and Baker",Jonesfort,293,Jordan Griffin,2009-01-09,5
389,Phillips and Sons,New Brianberg,893,Alisha Miller,2001-10-12,47
390,George-Munoz,Meyersborough,867,Michael Silva,2017-10-05,59
391,Hughes Group,Tylershire,683,Anthony Cole,2020-07-30,97
392,Barnes-Boyer,Crystalchester,399,Kimberly Frey,2011-08-21,95
393,"Williams, Mcguire and Scott",Johnsonville,738,Brittany Smith,2013-10-14,52
394,"Bryant, Taylor and Cole",Pamelafurt,232,Michael Jones Jr.,2018-05-17,17
395,"Fischer, Calderon and Serrano",Whitneyburgh,721,Joseph Mason,2015-06-01,63
396,"Kelly, Anderson and Stewart",Gonzalezfurt,994,Ashley Medina,2009-03-01,13
397,Miller Group,Simpsonmouth,615,Lisa Monroe,2015-05-22,73
398,Griffin LLC,Veronicamouth,407,Sarah Martinez,2017-07-10,86
399,"Prince, Sanchez and Campbell",Wadetown,148,Kathy Sanders,2007-02-19,41
400,Howard Group,South Saraville,494,Lucas Nguyen,2003-09-06,9
401,Cook and Sons,Port Amber,877,Laura Prince,2010-02-03,32
402,Wagner-Wiley,Lake Karenside,735,Jennifer Holt,2004-04-27,47
403,Sullivan LLC,Lake Alberttown,885,Robert Rivera,2011-06-11,52
404,"Palmer, Rowe and Sampson",South Dana,772,Sue Martin,2018-10-08,42
405,Cox-Andrews,South Mandy,694,Courtney Martinez,2002-06-28,11
406,Phillips-Diaz,Brownfurt,888,Chelsea Griffith,2021-08-22,61
407,Gentry-Young,North Denise,716,Robert Hanson,2021-05-02,53
408,Snyder PLC,New Kara,382,Brandon Wilson,2002-08-11,13
409,Romero Group,West Monica,777,Amanda Aguirre PhD,2014-11-26,86
410,Mason-Washington,South John,429,Cassandra Smith,2001-07-06,79
411,Cummings Group,New Sharonville,993,Lori Smith,2013-11-29,75
412,Thomas-George,North Bryceton,572,Kyle Harris,2000-10-13,30
413,Holland-Moore,Mccallville,769,Gilbert Morales,2021-02-15,61
414,Reyes-Pope,Port Mark,658,Tyler Williams,2005-02-20,35
415,"Porter, Rivas and Buck",East Rebecca,492,Megan Rodgers,2006-06-30,88
416,Kent and Sons,East Maliktown,980,Carmen Dawson,2017-12-02,80
417,"Johnson, Davis and Brown",North Richardberg,969,Bonnie White,2000-11-27,42
418,Huffman Inc,New Brandonchester,858,Connor Young,2012-04-26,50
419,Boyer PLC,East Joshua,751,Michelle Myers,2015-03-06,42
420,Williams-Brown,Lake Brenda,666,Sandra Hunt,2019-09-17,99
421,Woods Inc,Lake Richard,244,Bradley Garcia,2005-10-20,87
422,Hernandez-Hamilton,Richardland,972,Sarah Horn,2011-07-14,49
423,English PLC,Hayeston,997,Ashley Murphy,2023-02-21,55
424,Mitchell-Smith,Edwardshire,999,Brian Chapman,2020-02-14,22
425,"Thomas, Cole and Donovan",Angelamouth,236,Oscar Green,2014-08-08,27
426,Ward-Little,Lake Andrew,288,Brooke Rivers,2017-03-03,77
427,Gonzales-Fuentes,Robertberg,598,Dr. Andrea Richardson,2006-10-24,55
428,"Curry, King and Ward",New Wayne,992,Ronald Palmer,2019-01-22,35
429,Castaneda LLC,Davisside,273,Johnny Molina,2006-04-28,9
430,Norton-Smith,Tylerside,194,Brandi Page,2015-04-14,9
431,"Lopez, Casey and Reynolds",New Christopher,626,Emma Richardson,2019-12-11,34
432,Rodriguez Group,West Keithside,270,Derrick Lane,2019-12-18,19
433,Bell-Carter,Lynnport,626,Alex Dawson,2021-11-12,10
434,Brown Inc,Salazarfurt,703,David Lewis,2004-10-28,54
435,"Day, Ramirez and Graham",North John,169,Danielle Lester,2015-05-16,45
436,Gardner Ltd,New Wandafort,421,Jill Frederick,2008-06-23,20
437,Adams-Jensen,West Richard,948,Christopher Duncan,2022-06-29,85
438,"Beard, Ramirez and Newton",Melissabury,648,Douglas James,2019-11-03,96
439,Wilcox-Wagner,Villamouth,835,Robert Gray,2000-05-27,57
440,"Evans, Jackson and Valdez",Brownton,940,Frank Hubbard,2008-05-06,8
441,Brown Ltd,New Antonio,944,Brian White,2000-08-07,87
442,"Greer, Thomas and Gonzalez",West Mariaview,956,Paul Boyer,2017-07-05,12
443,"Daniels, Lewis and Thompson",East Jennifer,489,Marie Spencer,2003-10-27,72
444,Moore Inc,East Jamesborough,768,Glenn Perry,2021-10-08,100
445,Woods Ltd,West Amberstad,430,Damon Harris,2004-11-29,67
446,Dougherty and Sons,Colemanhaven,532,Tristan Strong,2011-04-20,56
447,"Hensley, Pierce and Carter",New Juliemouth,248,Cynthia Johnson,2009-01-24,47
448,Richardson-Dickerson,Kelseyfurt,134,Travis Tanner,2009-01-07,45
449,"Boyd, Torres and Morgan",Port Timothyville,402,Jeffrey Cox,2017-10-06,40
450,"Edwards, Winters and Mills",South Richard,922,Taylor Horne,2019-10-23,33
451,Garcia LLC,Paulashire,606,Amy Lopez,2008-05-01,67
452,Turner Group,Kellerton,574,Timothy Scott,2021-03-06,10
453,"Jones, Morales and Murphy",Brooksville,596,Pamela Nixon,2017-12-01,14
454,Martin-Gonzales,Andersonmouth,670,Vanessa Martinez,2017-02-06,67
455,Decker Inc,Port Christopher,433,David Gordon,2018-03-29,5
456,Newman-Lopez,Port Kimberlymouth,582,Brittany Harper,2011-05-01,77
457,Holmes and Sons,Williamsbury,714,Ronald Morales,2011-10-20,32
458,Reyes and Sons,South Allison,968,Emily Gould,2021-09-09,39
459,Vasquez-Gardner,Andrewfort,955,Dustin Collins,2022-01-26,89
460,"Hall, Williams and Rice",Port Bethany,700,Brandon Vance,2021-03-08,51
461,"Herman, Hamilton and Jacobs",Mercerton,324,Kristen Perkins,2009-11-11,65
462,Greene and Sons,Kingborough,270,Jon Snyder,2011-02-09,27
463,Wilson Inc,Ianmouth,909,Steven Escobar,2010-08-23,98
464,"Weiss, Miller and Wood",Spencerview,677,Jamie Mccoy,2015-05-09,92
465,Kim-Rice,Guyfurt,529,Richard Rivera,2003-06-25,30
466,"Jackson, Hanna and Mcdowell",Meyerhaven,966,Elizabeth Strickland,2006-10-19,55
467,Luna Inc,South Henry,807,Mrs. Sarah Ritter,2017-07-05,49
468,Smith and Sons,New Robert,744,Wendy Rivers,2011-11-11,45
469,"Booker, Beard and Gordon",Perezland,330,Amy Davis,2010-08-22,54
470,Davenport-Bates,South Sabrinaland,418,Natalie Carroll,2004-04-04,93
471,"Salas, Kline and Zhang",Allenton,775,Nicole Lopez,2023-10-13,53
472,Martinez PLC,Perezstad,918,Mr. Matthew Evans,2004-12-07,77
473,Myers-Williams,Port Kevin,386,David Wright,2000-05-13,96
474,Heath Inc,Peterville,195,Richard Smith,2012-08-11,61
475,Garner LLC,Kimberlyberg,882,Douglas Davis,2021-11-29,25
476,Robertson and Sons,West Angela,559,Matthew Brown,2023-07-17,18
477,Smith LLC,Kathrynton,367,Tammy Rodriguez,2009-09-16,18
478,Dunn-Ruiz,Port Mariamouth,655,Megan Lee,2022-06-19,35
479,Hill-Dodson,South Jamieburgh,337,Bonnie Mills,2009-04-14,57
480,Jensen-Smith,North Donna,250,Jennifer Cannon,2013-10-05,77
481,May-Robinson,Kimberlyton,108,Mr. Aaron Garrett,2018-08-30,94
482,Hernandez-Rich,East Jennifer,210,Paige Chavez,2014-09-26,35
483,Horton-Hooper,New Jennifertown,584,Rodney Lambert MD,2012-05-20,34
484,"Wilson, Bird and Hunter",West John,123,Cheyenne Rogers,2004-06-18,75
485,Adkins-Hurley,Stonefort,238,Ashley Hall,2014-01-29,84
486,"Gray, Scott and Mullen",Nelsonbury,333,Bruce Miller,2021-12-23,41
487,Martin-Ramirez,East Andrea,484,Suzanne Williams,2012-12-06,52
488,Snyder Group,Allenton,842,Colleen Gentry,2008-03-21,73
489,Wallace PLC,Garciaton,365,Maria Torres,2014-02-07,36
490,Garcia-Petersen,East Lucas,727,Barbara Williams,2008-09-06,36
491,Allen Inc,North Robertland,217,Mr. Joshua Moran,2015-06-26,50
492,Good-Hudson,Christinahaven,918,Cynthia Garcia,2002-03-20,44
493,Schmidt and Sons,West Haleychester,431,Ralph Forbes,2008-09-28,66
494,Welch PLC,New Sarahmouth,951,Daniel Blankenship,2017-07-11,74
495,"Gould, Solis and Dickerson",Barbaraville,588,Matthew Roberts,2002-12-15,69
496,Cochran LLC,Stokesfort,950,Christy Smith,2022-07-23,91
497,"Thomas, Walker and Phillips",Margaretland,267,Teresa Davis,2010-03-24,97
498,Nelson-Reynolds,New Jennifer,908,Michael Hicks,2013-02-07,55
499,"Moore, Rodriguez and Walker",Cruzmouth,747,Amanda Hooper,2024-05-08,53
500,"Morales, Martin and Martinez",Perezville,531,Jason Perry,2007-09-28,38
501,"Martinez, Ayala and Perez",East Nicholasfurt,390,Lauren Santos,2009-09-11,24
502,Alexander-Collins,Cummingschester,609,Janet Stafford,2000-07-31,57
503,Cervantes-Edwards,South Amandaport,742,Jennifer Smith,2024-04-10,57
504,Wilson Group,Jamesville,590,Kristina Luna,2000-06-09,19
505,Clark-Moreno,West Mariotown,945,Megan Richmond,2012-09-22,90
506,"Richardson, Cantrell and Sullivan",Port Kylieland,771,Anthony Rowe,2013-06-25,8
507,Ramos-Lara,Porterside,305,Kimberly Harris,2002-09-15,82
508,"Williams, Mcmahon and Thompson",South Robert,649,Shane Cobb,2003-08-05,7
509,Francis Group,Melindachester,422,Jennifer Johnson,2005-06-23,97
510,Phillips-Rodriguez,West Audrey,831,Jessica Curtis,2022-12-08,18
511,Wright Inc,Lake Victoria,975,David Anderson,2009-06-01,81
512,"Davidson, Mendez and Lopez",South David,616,Jason Tyler,2015-05-16,80
513,"Gordon, Underwood and Wolf",North Michellemouth,731,Darrell Greene,2015-04-24,31
514,Brennan Group,East Jasmine,756,Mr. Peter Odom MD,2008-03-16,24
515,Dawson PLC,West Amber,479,Helen Stone,2006-01-07,56
516,Thompson-Brown,Kathleenberg,107,Cheryl Murphy,2006-12-28,42
517,Dunn PLC,Tanyaport,743,Olivia Evans,2003-01-02,27
518,Espinoza-Ball,Leeton,555,Wendy Bernard,2011-11-13,91
519,Barrett-Fox,Sandovalville,719,Marissa Hernandez,2021-12-08,61
520,Cannon and Sons,East Samanthaland,754,Jennifer Price,2014-12-12,56
521,Meyer-Martinez,East Thomas,271,Tanya Nelson,2000-12-11,84
522,Richardson LLC,East Kaylee,537,Donna Williamson,2024-01-15,35
523,"Walker, Walters and Mcdonald",Port Katiemouth,818,Julie Pratt,2014-07-14,59
524,Griffin-Gilbert,West Williamport,853,Megan Webb,2019-03-14,27
525,Marshall Ltd,Herringport,492,Katherine Adkins MD,2015-08-07,98
526,Young-Davis,Evanview,342,Keith Neal,2012-05-13,65
527,"Chapman, Roberson and Waters",Laurenbury,859,Charles Benitez,2017-04-01,13
528,"Lopez, Lyons and Jackson",Patelfurt,585,Madeline Davis,2019-05-09,59
529,"Bennett, Fleming and Williams",Carolynland,484,Amy Murphy,2000-12-12,56
530,"Anthony, Johnson and Knight",West Andrew,387,Jimmy Bell,2004-08-25,20
531,Taylor-Riley,South Jennifertown,729,Brian Giles,2016-11-23,28
532,"Henry, Richards and Edwards",South Tracyfort,150,Connie Cruz,2013-08-10,11
533,"Buchanan, Green and Davis",Amychester,530,Jose Merritt,2010-01-16,97
534,Acosta-Graves,New Davidton,349,Zoe Hernandez,2006-07-23,51
535,"Maynard, Hogan and Walters",Diazchester,653,Seth Lara,2001-08-14,84
536,Guerra-Houston,North Jackie,168,Jessica Moyer,2006-07-25,36
537,Lewis-Murray,East Stephanie,502,Susan Johnson,2021-03-08,94
538,Alvarez-Joseph,Lake Carolynborough,834,Michelle Hayes,2023-08-09,83
539,Murray-Anderson,North Robertstad,260,Heidi Wilson,2004-12-21,31
540,Schaefer Inc,West Kathleen,718,Elizabeth Gordon,2022-04-22,21
541,"Gonzales, Hall and Mccarthy",North Brandonbury,701,Brandi Edwards,2007-07-13,25
542,"Gibson, Shepard and Bright",South David,381,Sarah Atkinson,2004-11-08,10
543,"Fowler, Bernard and Murphy",Jeffreyfurt,345,Timothy Jefferson,2010-10-02,9
544,Hayes-Lewis,Port Robert,506,David Stevens,2006-12-18,10
545,Bradley Ltd,South Anna,743,Sara Stokes,2013-07-05,75
546,Malone and Sons,Jeffreyton,848,Kelly Allison,2008-01-13,28
547,Brooks and Sons,New Ronnie,336,Tammy Campbell,2016-12-05,23
548,Jackson-Peterson,West Julie,621,Jeremy Miller,2022-10-19,26
549,Gordon PLC,Riggsborough,697,Harold Watkins,2015-03-16,40
550,"Edwards, Dudley and Coleman",Port Cynthiaborough,964,Eric Costa,2010-01-21,79
551,"Kramer, Johnson and White",Brookschester,412,Bobby Perez,2010-10-23,79
552,Brennan-Rodriguez,Millsburgh,821,Kelly Gill,2023-02-15,40
553,"Richards, Howard and Anderson",South Michaelchester,723,Mary Lane,2010-03-06,58
554,Wilcox Ltd,West Theresa,866,Juan Kent,2007-10-12,44
555,"Baker, Ramos and Smith",Lake Elizabethville,236,Jason Padilla,2011-11-01,91
556,Valdez-Gutierrez,Jasonside,241,Cathy Hayden,2005-10-23,52
557,"Bell, Kim and Lester",New Brandi,609,Rebecca Johnson,2011-09-04,80
558,"Carter, Fox and Clark",Waltertown,876,Brian Washington,2008-08-03,92
559,Robinson-Brown,Adamville,612,Theodore Gomez,2012-04-02,13
560,Harvey-Cohen,East Kennethshire,107,Leslie Chavez,2019-11-06,93
561,"Powell, Carpenter and Jenkins",North Michellemouth,299,Chris Wolfe,2004-05-23,26
562,Villanueva-Lewis,North Ashley,857,Michael Patterson,2018-10-24,18
563,Mckinney LLC,Baileyview,483,Matthew Andrade DDS,2013-08-29,52
564,Stewart PLC,Johnsonborough,755,Crystal Duncan,2023-07-27,8
565,Green-Harris,Cantuview,997,Kelly Perez,2022-10-05,11
566,"Parks, Lopez and Smith",East Dominic,516,Darren Warner,2003-11-25,48
567,Brown PLC,East Jasonborough,260,Christopher James,2013-05-02,33
568,Day-Meyers,Barbarabury,155,Dr. Patricia Hernandez,2008-03-05,45
569,"Gates, Acevedo and Logan",South Brenda,432,Noah Zavala,2018-11-20,19
570,Robinson PLC,New Tracyfort,183,Mark Howard,2022-09-12,39
571,"Jones, Green and Flores",Smithfort,762,Nicholas Carrillo,2005-05-29,98
572,Mullen-Ramos,Port Kristen,276,James Goodwin,2018-11-11,88
573,Moore-Daniels,Lake Cole,899,Paul Arroyo,2009-11-08,74
574,"Pierce, Rogers and Turner",East Sandra,203,Heather Smith,2022-06-17,32
575,"Hill, Davidson and Gibbs",New Denise,586,Stephanie Lewis,2022-08-10,88
576,"Anderson, Hawkins and Garcia",Port Jonathan,985,Michele Perez,2018-07-27,14
577,Williams Ltd,Levineton,926,Richard Mccoy,2000-06-24,80
578,Figueroa-Fischer,North Meganview,778,Caitlyn Rodriguez,2019-07-06,44
579,"Chavez, Sanchez and Murphy",Hoopertown,350,Carrie Edwards,2018-10-09,23
580,Williams-Scott,North Lisamouth,920,Tina Dominguez,2023-01-19,56
581,"Woods, Morton and Coleman",Brandonport,796,Sheila Keith,2010-06-26,72
582,"Hayes, Summers and Smith",Port Paul,918,Jeremy Abbott,2013-01-20,58
583,Frey-Barker,Christopherchester,590,Mrs. Kristin Williamson,2020-04-18,91
584,"Sharp, Martin and Mack",Ashleyport,889,Ms. Jessica Phillips,2008-10-14,48
585,Tucker-Henderson,Lake Lorifort,698,Elijah Dixon,2010-01-16,99
586,Anderson PLC,West Ashlee,209,Melissa White,2004-10-16,45
587,Sims PLC,North Tim,536,Brooke Werner,2000-07-13,48
588,Russo-Green,Ramoston,265,Jane Baker,2008-11-19,100
589,"Scott, Horton and Martin",North Sharonmouth,495,Christopher Murray Jr.,2021-10-15,81
590,Andrews Ltd,Rodrigueztown,891,David Rose,2004-02-01,66
591,"Campos, Davis and Adams",New Hailey,653,Ashley Shaw,2001-12-10,100
592,Conley LLC,Port Matthew,648,Lydia Chandler,2008-09-07,60
593,Wood-Church,East Michael,193,Gina Brown,2012-02-15,64
594,Hall-Delgado,Isaiahhaven,953,Alicia Cortez,2016-11-27,74
595,"Santiago, Rasmussen and Smith",Marcburgh,900,Jacob Meyers,2020-01-20,70
596,Lindsey LLC,Ewingport,781,Jerry Powers,2000-02-06,68
597,Hall Ltd,Jonathanview,885,Carla Navarro,2015-06-13,26
598,Baker-Edwards,Millsside,708,Jason Dorsey,2007-05-12,89
599,"Griffin, Carroll and Parker",Fergusonchester,998,Joseph Simpson,2012-07-15,15
600,Thompson and Sons,West Matthew,156,Mr. Samuel Chen,2011-12-19,37
601,Larsen Group,Leonardborough,778,Todd Keller,2020-01-12,18
602,James LLC,Andrewshire,616,Brian Garcia,2018-12-15,82
603,Hunt-Cook,Gonzalezport,881,Robert Johnson,2014-10-30,23
604,"Hensley, Nguyen and Lewis",Woodshire,825,Lauren Ruiz,2020-01-31,95
605,"Washington, Malone and Hall",Chambersview,472,Michael Townsend,2022-01-06,6
606,Stephens-Miller,East Paultown,585,Jay Cline,2010-03-17,74
607,Acevedo and Sons,West Johnhaven,870,Olivia Turner,2014-04-24,63
608,Garcia-Vega,Williamsport,503,Michelle Macias,2010-04-21,45
609,"Martin, Blanchard and Hudson",Richardhaven,683,Michael Hughes,2019-05-21,41
610,"Lee, Ayala and Johnson",Evanston,284,Jennifer Hall,2003-11-24,13
611,Taylor Group,Kimville,371,Tara Nguyen,2001-11-30,82
612,Beasley Inc,East Anthonyland,778,Lisa Alexander,2011-08-21,76
613,Walter Inc,New Jerome,176,Michael Molina,2003-12-25,62
614,Scott Group,Port Lawrencemouth,399,Stephen Adams,2014-06-10,100
615,Smith Inc,Bethfort,301,Todd Smith,2021-10-14,94
616,Fitzgerald Ltd,Ninafort,866,Justin Miranda,2002-02-01,53
617,Newton PLC,Boydstad,893,Kevin Hawkins,2012-06-14,98
618,"Moore, Tran and Welch",Larsonchester,232,Gilbert Bryant,2009-03-31,96
619,Johnston Group,Laurahaven,956,Eric Rhodes,2013-01-29,31
620,Vaughn PLC,Simmonsfurt,250,Marilyn Cox,2015-04-28,50
621,"Pittman, Walker and Scott",Josephbury,238,Tracy Johnson,2004-10-09,9
622,Jones and Sons,North Carolyn,978,Douglas Erickson,2000-09-03,84
623,"Mccoy, Hartman and Garrett",Port Emilybury,108,Donna Martinez,2018-04-06,12
624,Hood Group,South Roberthaven,499,Mary Perry DDS,2008-03-31,46
625,"Rice, Martinez and Turner",South Jacob,662,Kara Cox,2010-06-10,54
626,Lewis-Robinson,Castilloberg,738,Robert Diaz,2009-10-04,76
627,Miller PLC,Davidmouth,154,Daniel Sanders,2000-09-04,34
628,Benson Ltd,Ryanstad,669,Samantha Mcdonald,2008-09-23,89
629,Shaffer PLC,Lauraview,622,David Hall,2022-10-25,77
630,Jacobs-Hughes,Kellertown,112,Kenneth Hamilton,2003-06-17,33
631,"Butler, Marquez and Barnett",North Maureen,818,Brittany Williams,2006-09-25,75
632,Anderson-Green,Thomasburgh,1000,Mark Morse,2012-12-02,78
633,Morales-Mora,New Noahstad,767,Jodi Kim,2004-05-08,6
634,Marshall LLC,West Jamesville,610,Peter Shaw,2001-07-15,96
635,Smith-Wilkerson,Webbchester,426,Julia Herrera,2001-03-16,81
636,"Allison, Bridges and Griffin",Lake Katherineside,971,Brett Parker,2006-11-21,46
637,"Hall, Sanders and Montgomery",North Andrewshire,804,Michael Brown,2001-07-29,92
638,Silva-Williamson,North Robertborough,126,Terri Phillips,2015-07-18,39
639,Scott LLC,South Alyssa,985,Matthew Mendez,2021-10-05,57
640,"Bailey, Hunt and Jones",Daniellechester,887,John Mcmahon,2022-05-16,32
641,Alvarez Ltd,West Jacqueline,379,Miranda Gonzales,2018-06-30,21
642,"Hancock, Washington and Ortiz",Port Meredithburgh,807,Nicholas Martinez,2004-12-29,42
643,"Mendez, Bush and Sanchez",Alexanderhaven,726,Alicia Mcdaniel,2023-02-15,84
644,"Ramirez, Howard and Mcdonald",Liuhaven,563,Donald Valenzuela,2022-11-21,14
645,Glenn Inc,Port Brian,775,Tony Marshall,2017-08-05,43
646,Yates PLC,Michaelport,122,Michael Ramos,2002-10-26,55
647,Kelly and Sons,East Kathleen,852,Emma Dennis,2005-07-08,96
648,Higgins Inc,Jillfurt,443,Larry Warner,2011-06-06,96
649,Baker-Alvarado,Adamsburgh,183,Alexandra Taylor,2006-09-11,68
650,"Koch, Morris and Lee",Christophertown,728,Dale Harmon MD,2014-12-24,78
651,"Walton, Martin and Carter",Dennistown,779,Andrea Barajas,2019-03-31,36
652,"Riley, Harris and Vasquez",Lopezside,106,Sarah Wagner,2006-07-03,6
653,Henry-Lawrence,Warrenshire,602,Robert King,2023-01-15,17
654,Walter Group,Murphyport,204,Amanda Ellis,2007-12-07,48
655,West-Martin,West Michellemouth,646,Jeffrey James,2011-08-24,30
656,"Thompson, Osborn and Nelson",Stephanietown,619,Willie Griffith,2000-06-25,58
657,Burns and Sons,Lake Colinberg,831,Richard Levine,2015-06-13,32
658,Mckinney Group,Craigmouth,807,Vanessa Jacobs,2006-05-18,5
659,Palmer-Daniel,South Reneeville,287,Bobby Duncan,2015-03-11,53
660,Davis LLC,Lesterburgh,911,Samuel Taylor,2017-08-31,75
661,"Sanchez, Peterson and Martinez",West Melindaton,410,Lori Clarke,2022-06-14,81
662,Shaw PLC,Meganfort,286,Connie Bailey,2009-08-05,66
663,"Roberts, Jones and Crawford",East Jenniferton,400,Alfred Hughes,2019-03-05,93
664,Hicks-Smith,Butlerfurt,992,Laura Howard,2005-06-16,100
665,"Armstrong, Rogers and Martinez",Lake Gregory,314,Hunter Williams,2002-10-14,62
666,"Robinson, Hopkins and Pacheco",North Joshuashire,559,Jessica Dunn,2014-03-30,83
667,"Conway, Ford and Williams",Curtisland,347,Mark Howe,2005-09-13,44
668,"Patrick, Williams and Leonard",South Carl,336,Michael Hancock,2002-07-26,95
669,"Walker, Moore and Rodriguez",East Paul,544,Paul Jones,2006-10-03,49
670,"Johnston, Lee and Martin",Mistyfort,432,Tammy Terry,2000-02-23,21
671,"Mccormick, Flores and Meyer",Salinasport,387,Rachael Saunders,2020-11-24,37
672,Brown and Sons,East Katherinechester,244,Robin Hernandez,2022-09-04,55
673,Oconnell Ltd,New Cassandrafurt,830,Robert Bailey,2003-08-19,60
674,Johnson-Stewart,Kingside,179,Melanie Green,2012-12-25,86
675,Smith-May,Wilkinsbury,304,Robert Lane,2018-04-03,52
676,Rodriguez PLC,Mossmouth,530,Angela Kelley,2004-09-12,61
677,Howard Group,Moralesbury,109,Brenda Thompson,2023-08-22,76
678,Walker PLC,East Anna,437,Shannon Martinez,2023-10-31,76
679,"Maldonado, Russell and Johnson",Grayton,676,Scott Rice,2010-04-20,62
680,Vance PLC,West Cheryl,225,Donna Adams,2014-08-22,28
681,Cox-Baldwin,Port Tiffanychester,628,Margaret Mosley,2016-06-09,10
682,Hughes-Robinson,Port Wayneshire,607,Edward Anderson,2021-09-08,14
683,Gilbert-Gutierrez,Sheilamouth,381,April Thomas MD,2018-03-12,49
684,Smith-Miles,Port Aprilside,627,Dawn Chavez,2007-12-12,86
685,Frey LLC,Johnsonmouth,600,Andrea Phillips,2008-10-04,53
686,"Phillips, Smith and Sawyer",North Wendyview,254,Dawn Cardenas,2015-04-08,58
687,Levine and Sons,Danielhaven,245,Amanda Brown,2002-01-19,71
688,Price-Jones,Port Jillian,607,Mario Mcdaniel,2018-08-21,37
689,Knight-Stafford,Kristaview,307,Christina Martin,2018-07-04,49
690,"Hodges, Jenkins and Wong",South Michael,151,Troy Jefferson,2004-06-30,72
691,Jones-Dillon,Stewartfort,230,William Reeves,2010-08-17,20
692,Clark Ltd,New Kyleton,116,Michael Hoffman,2007-02-28,8
693,Adams Inc,Gibsonside,315,Jennifer Lewis,2019-04-14,5
694,Allen Ltd,East Maria,358,Jesse Davidson,2012-05-05,72
695,Donaldson LLC,Jordanview,271,Michael Holmes,2006-02-14,89
696,"Cruz, Wood and Mcgee",Lake Angelica,129,Zachary Dalton,2014-09-20,12
697,"Lee, Anderson and Richardson",Franklinstad,698,Tony Perez,2008-11-11,52
698,"Wheeler, Foster and Hawkins",Port Danielchester,980,Felicia Moore,2024-04-08,74
699,Shannon-Wise,Grossfurt,597,Kelly Johnson,2017-11-22,76
700,Mitchell-Garcia,North Patricia,360,Juan Miller,2007-01-23,56
701,"Carpenter, Collier and Meyer",South Kaylaview,162,Meghan Horne,2000-03-01,74
702,"Butler, Jackson and Lucero",Amberside,277,Nicholas Jones,2023-11-29,36
703,Wade-Villanueva,Smithstad,340,Kevin Roach,2018-11-08,5
704,"Dean, Maldonado and Stevens",Lake Travis,573,Emily Perry,2007-03-06,54
705,Martinez Inc,New Kristina,802,Stacey Smith,2005-09-14,56
706,"Harris, Wilkins and Mullins",Port Robin,973,Jennifer Morgan,2022-10-24,47
707,Bates-Reid,South Joshua,508,Scott Reyes,2014-08-24,82
708,"Hurst, Pratt and Perez",Garciabury,565,Kyle Myers,2011-10-02,85
709,"Blankenship, Mays and Fletcher",North David,537,Marc Burton,2022-09-22,42
710,Morales-Brown,Castrotown,412,Anthony Ellis,2006-09-04,69
711,James PLC,New Christopherberg,471,Carlos Lara,2016-02-05,55
712,"Good, Martinez and Wilson",Penaton,491,Shane Murillo,2009-06-18,44
713,Henderson LLC,North Christopher,493,Cassandra Robinson,2021-03-13,65
714,Hawkins Group,Reedhaven,438,Loretta Murphy,2023-03-09,55
715,"Hicks, Butler and Marks",Russellfort,353,Jack Vargas,2010-05-28,14
716,Jones LLC,Webbmouth,283,Justin Moody,2011-05-30,67
717,"Smith, Greene and Mills",Laurieville,167,Tammy Mcintyre,2020-04-26,70
718,Holmes-Freeman,Lake Angelaview,800,Sean Osborn,2022-05-25,32
719,Villanueva Ltd,Anthonyville,148,Michael Kennedy,2005-12-21,56
720,Baker and Sons,Daltonstad,811,Courtney Hill,2018-01-02,89
721,"Gutierrez, Garcia and Alexander",Lake Laurieland,108,Krista Jones,2022-08-29,18
722,Lewis LLC,Lake Martinstad,760,Michael Hines,2022-12-28,46
723,Harris Ltd,Barnettburgh,176,Dr. John Ayers,2007-03-20,67
724,Jordan LLC,Robertfurt,187,Chelsea Eaton,2010-02-18,68
725,Long Group,Port Timothyville,695,William Foster,2005-02-26,90
726,"Bennett, Torres and Walton",North Stacy,197,Jordan Jones,2000-04-21,9
727,Moore Ltd,Butlerport,471,Richard Grant,2000-06-17,86
728,Norton-Pierce,Josephshire,994,Randall Brown,2012-02-17,92
729,Washington LLC,Jonathantown,130,Tamara Walter,2010-06-06,83
730,Bond and Sons,Robinsonmouth,975,Christine Jones,2023-10-23,77
731,Larson Ltd,Halemouth,475,Valerie Adams,2001-11-06,83
732,Simmons-Adams,Kimberlyhaven,703,Jenna Merritt,2014-02-17,92
733,Smith-Johnson,Gallowayside,331,Diana King,2020-06-07,74
734,"Perry, Williams and Martinez",Bradleychester,972,Tina Guzman,2012-10-12,87
735,Johnson-Lindsey,West Nathanport,222,Jeffrey Mitchell,2001-09-13,5
736,Calhoun Inc,Lake Jack,983,Gabrielle Nguyen,2001-08-07,64
737,Brock-Porter,Tonyafort,460,Amanda Conley,2018-05-18,83
738,"Rodriguez, Brooks and Silva",Chadville,519,Linda Mitchell,2014-03-25,51
739,Smith Ltd,Colechester,259,Charles Cordova,2002-08-12,44
740,Olson-Young,Lopezside,202,Jennifer Cardenas,2017-02-20,45
741,Martin-Nguyen,Sandersberg,287,Anthony Steele,2007-08-27,35
742,Ward LLC,Ryanland,872,Michael Johnson,2007-11-08,78
743,Long-Henderson,Port Peterfurt,741,Andrew Buck,2012-01-13,14
744,"Reyes, Randolph and Ferguson",Burnsmouth,985,Carol Foley,2018-02-02,42
745,"Green, Brown and Lawrence",Markstad,463,Keith Davidson,2013-10-31,55
746,Anderson-Smith,West Charleneborough,631,Anne Avila,2022-03-24,82
747,Fuentes-Wong,Williamsland,370,Laura Mathews,2020-11-06,8
748,"Gonzalez, Weiss and Williams",Lake Allisonton,369,Jean Malone,2013-07-08,89
749,Henderson-Gordon,West Jessicaton,497,Anne Fitzgerald,2019-12-16,66
750,Copeland PLC,Lake Michaelburgh,981,Anne Miller,2006-09-11,87
751,Thomas-Sanchez,Patrickland,836,Kevin Morrison,2003-06-25,40
752,"Watts, Medina and Evans",Michaelland,388,Marcus Torres,2019-03-31,41
753,Gordon-Moyer,Port Jeffreyview,887,Mr. Eric Walters,2018-11-17,93
754,Moore Group,West Mary,915,John Ortiz,2012-05-04,98
755,Mccarthy LLC,Port Jamesview,681,David Edwards,2022-02-15,7
756,Maxwell-Mason,Port Kimberlymouth,441,Jenna Williams,2004-11-04,70
757,"Grant, Cook and Gordon",Lake Robin,463,Lauren Smith,2015-06-21,96
758,Gordon Group,Hodgesfort,340,Joseph Rodriguez,2010-10-30,81
759,Hampton-Adams,Michaeltown,930,Crystal Byrd,2014-07-31,18
760,"Williams, Gutierrez and Schaefer",Ericport,326,Joshua Butler,2019-09-04,14
761,Trevino PLC,North Sharonside,246,Joshua Franklin,2020-09-06,82
762,Downs-Jennings,Lake Megan,122,Ronald Villarreal,2020-01-15,73
763,Lang LLC,Kennethville,993,Michael Mcbride,2008-07-26,92
764,Carey Inc,Michellefort,382,Scott Cobb,2019-05-12,49
765,Mooney-Carey,Port Darrenview,938,Alex Hayden,2021-11-22,26
766,Kramer Inc,Robinsonfort,784,Jesse Sims,2014-08-09,31
767,Williams Group,West Robert,510,Benjamin Mann,2004-06-18,33
768,"Walters, Shannon and Wright",Samanthafurt,409,David Rodriguez,2014-11-05,10
769,"Bush, House and Flowers",South Diana,868,Troy Bridges,2019-06-16,100
770,Jones PLC,Matthewview,321,Jessica Arroyo,2024-03-07,43
771,"Ortiz, Hernandez and Olsen",Lake Peterberg,102,Jacob Mendoza,2010-12-22,51
772,Oconnell LLC,Margaretbury,201,Phillip Erickson,2013-09-05,100
773,"Howard, Cowan and Vega",New Thomas,234,Brian Burns,2010-01-01,53
774,"Mcintosh, Wright and Martinez",East Tylertown,441,Amy Levy,2006-10-17,42
775,Jackson-Moore,Byrdfort,612,Chad Wright,2020-11-25,11
776,"White, Hodge and Morrison",Davidchester,428,Donna Huynh,2021-03-20,91
777,Gutierrez-Randall,West Robin,709,Amy Nash,2006-03-14,40
778,"Dunlap, Sharp and Watson",Sanchezton,192,Autumn Dillon,2006-07-08,97
779,Copeland LLC,Wrighttown,679,Jason Novak,2009-04-11,50
780,"Smith, Mcdonald and Kelly",Annamouth,629,Vanessa Chandler,2009-04-01,51
781,Atkinson-Alvarado,Cookport,408,Karen Moses,2001-12-31,6
782,Johnson-Cantrell,Jacobland,278,John Smith,2008-10-01,83
783,Castaneda-Moreno,North Dana,326,Jessica Thompson,2000-09-30,67
784,Scott-Buchanan,Lake Deborah,679,Rebecca Porter,2004-10-05,29
785,"Fischer, Martin and Williams",Port Michele,122,Thomas Chavez,2019-04-05,41
786,Morgan-Rodriguez,Monicamouth,982,Benjamin Martinez,2007-12-28,63
787,Smith LLC,Zamoraside,665,Audrey Hill,2021-01-04,41
788,Hill-Obrien,Lunafurt,672,Don Turner,2012-09-29,95
789,"Thomas, Avila and Vargas",Johnsonbury,794,Kristen Watkins,2009-02-23,41
790,Lopez PLC,Hansenmouth,925,Kendra Sexton MD,2004-03-05,100
791,Hernandez and Sons,Rebeccaton,403,Brittany Flores,2016-01-24,52
792,Mendoza-Harrell,Powersland,361,Tara Sullivan,2002-10-21,85
793,Wilson Group,East Jonathon,761,Ryan Griffin,2005-02-27,34
794,Fleming-Howard,Guzmantown,646,Joshua Richardson,2011-05-08,63
795,Jackson LLC,North Julianhaven,143,Kevin Collins,2022-12-16,97
796,Gregory Ltd,South April,924,Gregory Chavez,2017-01-24,76
797,Bishop-Vaughan,North Debbiemouth,336,Melvin Benton,2011-05-21,39
798,Johnson Ltd,North Davidborough,245,Victor Keller,2004-08-20,47
799,Mooney Ltd,Stephanieton,440,John Bell,2023-05-20,77
800,"Smith, Browning and Hill",Lake Patricia,985,Robert Garrett,2020-02-27,51
801,"Lopez, Austin and Lin",South Coltonstad,214,Dr. Nancy Campos,2007-11-25,65
802,Hicks LLC,Port Jennifer,592,Ashley Roberts,2020-08-06,10
803,Suarez-Lopez,East Gary,875,Debra Richardson,2020-06-03,51
804,Skinner-Henderson,West Danielborough,839,Isaac Booker,2012-05-30,39
805,Powell Group,Marissamouth,798,Christina Floyd,2002-07-20,80
806,"Jackson, Beck and Kidd",Leahville,513,Kayla Wilson,2001-01-24,12
807,Pittman Group,Rodriguezbury,587,Edward Dennis,2021-08-11,10
808,Harris-Hicks,Ramoston,769,Kelsey Perry DDS,2003-05-27,16
809,Johnson and Sons,West Danielleberg,233,James Wilkerson,2009-07-01,19
810,"Johnson, Webb and Hughes",East Lisa,674,Susan Gibson,2017-05-15,94
811,"Orozco, Gordon and Freeman",South Robert,308,Aaron Cobb DDS,2012-03-08,49
812,Smith-Ramirez,Harrisburgh,766,Mary Jensen,2000-01-21,6
813,Garcia LLC,Adamsberg,271,Robert Harrell,2023-07-16,8
814,Garcia-Medina,West Kellyborough,484,Jean Wilson,2006-02-26,96
815,Thomas-Weaver,South Kathleenburgh,769,Nicholas Wood,2006-02-20,46
816,Krueger-Walter,West Jeff,154,Dorothy Clark,2018-09-08,67
817,"Lee, Williams and Herring",Port Josephmouth,576,Sandra Chandler,2018-06-27,24
818,Duarte Ltd,Lake Jeffrey,953,Austin Cortez,2011-03-08,45
819,Mendoza Group,Rodriguezbury,316,Patrick Parker,2001-09-15,78
820,Lopez-Lopez,Tonyachester,845,Shelly Fernandez,2019-06-02,15
821,Mcdaniel LLC,Phillipberg,859,Lisa Snyder,2013-09-07,83
822,Weber-Mercado,Charlesland,529,Amy Russell,2000-07-21,82
823,Barnett-Hernandez,Curtismouth,234,Albert Le,2016-08-27,21
824,Stewart-Williams,Miabury,769,Jacob Foley,2023-11-02,59
825,"Patel, Rubio and Martinez",Markfort,306,Lisa Mccormick,2008-03-07,57
826,Hill Group,West Charleston,227,Anthony Orozco,2002-05-16,24
827,Castillo-Green,Paulland,571,John Cox,2012-02-18,10
828,Peterson-Jones,Port Samuel,766,Marcia Stone,2003-10-04,7
829,Wright Ltd,Mendozaland,637,Tracy Ramirez,2004-02-12,39
830,Robinson LLC,New Krystalborough,568,Jerry Miller,2019-04-20,43
831,"Simpson, King and Hayes",Lake Rogerville,353,Kenneth Wallace,2014-04-18,95
832,Norton-Bowers,South Jessicabury,876,Matthew Jackson,2001-10-16,65
833,"Hall, Carter and Banks",Velasquezmouth,913,Jessica Pineda,2006-07-17,85
834,"George, Lane and Kelly",Jenkinsborough,827,Taylor Tucker,2004-09-13,24
835,"Wiggins, Jefferson and Montes",New Regina,265,Erik Johnson,2000-08-31,62
836,Harris-Anderson,West Corey,144,Alicia Bender,2007-08-28,67
837,Williams-Jackson,Martinezview,658,Craig Church,2013-12-16,70
838,"Robertson, Vargas and Cervantes",South Joseph,607,Elizabeth Delacruz,2001-11-24,60
839,Watkins-Walker,Port Angelaville,683,Margaret Barton,2001-05-01,26
840,Shaw Group,East Samuelhaven,458,Charles Hall,2014-04-27,62
841,Farmer Inc,West Edward,353,James Miranda,2005-04-10,6
842,Barr-Holmes,Angelashire,582,Amber Thompson,2004-11-18,74
843,"Robinson, Ortiz and Castaneda",Bradleychester,740,Regina Poole,2010-07-14,15
844,Holmes Group,Millsland,987,Martin Wilkins,2013-12-12,85
845,"Macias, Cantrell and Mathis",Charlesville,602,Crystal Castillo,2004-05-06,45
846,"Pugh, Webb and Casey",East Randyfort,932,Tracy Valdez,2007-02-21,14
847,Bauer-Todd,Christophertown,472,Mrs. Sarah Lam MD,2021-02-08,55
848,Lewis Inc,Ortizport,733,Jennifer Santos,2020-06-18,24
849,"Vargas, Crosby and Brennan",Shawntown,965,Lori Gonzalez,2012-11-09,9
850,"Maddox, Schultz and Smith",South Georgeshire,459,Briana Wright,2006-05-17,62
851,"Jones, Combs and Kirby",Michaelfort,247,Shannon Cooper,2006-06-23,77
852,"Lawrence, Brown and Ross",Barrettshire,668,Samuel Pruitt,2011-03-12,25
853,"Jensen, Leach and Austin",Mckenzieview,283,Erica Martinez,2010-03-12,97
854,"Baker, Lewis and Brown",South Charlesville,698,Randy Wagner,2022-09-21,87
855,Gaines-Small,Stephensfort,947,Megan Carrillo,2008-01-12,29
856,"Fitzgerald, Hall and Zimmerman",Humphreyfort,789,Mr. Antonio Combs MD,2004-10-18,92
857,Smith LLC,Benjaminmouth,698,Jeremy Thomas,2000-09-09,69
858,Martinez-Miller,West Jenniferhaven,223,Mary Anderson,2020-11-01,34
859,Perez and Sons,West David,623,Jill Griffith,2004-04-05,66
860,"Walters, Vance and Fields",Jenkinsburgh,620,Craig Robinson,2015-02-04,37
861,Fields Group,North Tyler,529,Molly Warren,2010-08-20,25
862,"Miller, Velazquez and Hunter",Lopezville,807,William Jones,2023-01-07,18
863,Lewis-Price,North Shannonton,967,Joel Barron,2002-01-10,50
864,Barnes PLC,Rogerburgh,822,Lauren Rodriguez,2007-03-25,88
865,Herrera Ltd,Cherylfort,857,Lori Mitchell,2018-05-16,18
866,"Williams, Rodriguez and Bishop",Lewisberg,565,David Burgess,2019-08-08,74
867,Pena and Sons,New Juliebury,175,David Smith,2012-05-25,9
868,Carlson and Sons,East Jorge,214,James Lowery,2013-07-29,20
869,Gonzalez PLC,New Janice,781,Jose Newton,2008-10-19,39
870,Jenkins LLC,North Toni,640,Stephanie Vega,2003-06-11,32
871,"Cummings, Johnson and Smith",Carlchester,842,Martin Mckee,2020-07-06,82
872,Shepherd-Brown,Caseybury,734,Chelsey Smith,2019-06-14,94
873,"Gonzales, Williamson and Morgan",West Emilyville,302,Lisa Collins,2011-02-14,15
874,"Gray, Barry and Powers",Serranoland,418,Alison Mathews,2005-12-05,21
875,Allen-Schneider,Carrshire,279,Wendy Mccarthy,2012-07-24,26
876,King Ltd,East Stevenmouth,231,Alexa Woods,2000-08-16,66
877,Molina and Sons,New Samantha,387,Bonnie Rogers,2005-12-09,32
878,Stevenson PLC,Lukeview,329,Jonathan Garcia,2021-07-15,78
879,Singleton-Weeks,East Dennis,400,Kayla Jones,2001-07-05,15
880,Moore Inc,West Josephmouth,893,Sarah Rodgers,2005-10-13,16
881,Moore-Johnson,Shermanton,389,Jonathan Cox,2018-03-17,99
882,Willis-Richardson,Port Jessicastad,983,Angela Clark,2013-09-11,52
883,Poole Group,South Stephanieberg,163,Jay Schneider,2022-08-08,72
884,Fowler Ltd,Williamschester,687,Grant Vasquez,2005-04-02,51
885,Phillips-Huynh,West Matthew,962,Donna Lin,2022-02-16,5
886,Miller Inc,Lake Zachary,618,Maria Barnes,2019-08-22,58
887,Winters-Freeman,Lake Nathanfurt,291,Albert Richardson,2013-04-15,85
888,"Wilson, Leach and Ray",Danielchester,281,Philip Campbell,2012-03-19,92
889,Hernandez and Sons,Lake Billyshire,197,Patrick Carroll,2020-03-06,54
890,Ward-White,West Melissa,555,Peter Castillo,2000-09-20,31
891,Cook LLC,Blakestad,361,David Ramirez,2018-03-19,51
892,Sanford-Molina,Carolfurt,981,Edward Bradley,2010-11-10,87
893,Kennedy Ltd,Port Katrina,936,Derek Matthews,2002-06-16,9
894,"Fox, Lyons and Martinez",New Dwayneville,519,Catherine Ward,2012-07-22,53
895,Herrera Group,East Kevin,791,Amber Mcintyre,2010-08-23,49
896,"Macdonald, Harris and Conrad",Bennettberg,524,Melissa Morton,2017-07-13,40
897,Wood-Hill,Johnsonmouth,186,Joseph Thomas,2017-07-12,45
898,Farley PLC,Port Brookeshire,487,Jennifer Martinez,2016-07-13,27
899,"Conway, Jordan and Le",Clarkberg,877,Antonio Bruce,2011-03-16,92
900,Thomas PLC,Tammymouth,810,Desiree Daniels MD,2016-07-28,94
901,"Munoz, Shaw and Parsons",East Elizabethmouth,457,Kristin Scott,2009-10-30,25
902,"Gutierrez, King and Jones",Pamelaville,108,Anthony Powell,2017-08-18,33
903,Gonzalez-Brown,Port Jeremyshire,659,Sara Phillips,2000-10-10,8
904,"Johnson, Johnson and Morrison",Lake Kimberlyside,199,Eric Barnes,2005-12-09,25
905,Hall-Miles,Colemanshire,468,Levi Becker,2002-03-07,38
906,"Hall, Madden and Cunningham",North Felicia,549,Andrew King,2015-11-08,66
907,King Group,West Robert,480,Ryan Swanson,2002-09-21,58
908,"Johnson, Smith and Clark",Armstrongfurt,862,Jason Anderson,2022-07-19,18
909,"Weiss, Anderson and Fernandez",Ashleyland,377,Amanda Miller,2002-02-13,17
910,"Crawford, Stephens and Murray",North Sheriton,156,Patrick Camacho,2018-12-07,20
911,"Mcintyre, Jackson and Moore",Lake Michael,589,Ricardo Snyder,2007-03-11,55
912,Simpson Group,Cortezberg,781,Steven Simmons,2000-07-29,84
913,"Davis, Greene and Roberts",South Jamie,688,Matthew Newman,2024-02-20,48
914,"Wilson, Irwin and Chang",New Terristad,498,Chris Wiley,2010-02-14,26
915,Reyes-Sanchez,East Dennismouth,823,Sydney Wilson,2003-03-24,72
916,Smith Inc,Johnsonmouth,936,Katherine Flowers,2020-01-16,52
917,Wood LLC,Lake Eric,686,Pamela King,2008-09-18,43
918,Jimenez-Martinez,Michaeltown,723,Robert Velez,2011-01-18,37
919,Burns-Robbins,Richardview,288,Adam Cruz,2005-05-23,87
920,"Singleton, Cross and Watts",Bautistaview,152,Jeffery Avery,2023-11-20,46
921,"Holmes, Brown and Williams",New Jamesborough,667,James Gomez,2005-11-01,97
922,Bryant and Sons,Nicholasmouth,868,Michael Thomas,2000-09-30,19
923,Rodriguez-Le,Wardburgh,246,Audrey Moody,2023-06-29,87
924,Valentine-Barber,Lake Jennifermouth,765,William Wheeler,2011-02-20,58
925,Shaw and Sons,South Jake,613,Patricia White,2014-06-18,54
926,Krause PLC,West Amandamouth,802,Monica Butler,2018-07-11,93
927,"Waters, Butler and Baker",Johnsonburgh,990,Luke Cabrera,2001-06-23,75
928,"Sanders, Yang and Green",North Karen,264,Nancy Williams,2013-03-29,17
929,"Turner, Mcfarland and Collins",Lake Joshua,687,Jane Richardson,2018-04-22,87
930,Anderson and Sons,Nelsonburgh,143,Johnathan Cervantes,2010-09-01,32
931,Ramos LLC,Jennaport,975,Courtney Delgado,2013-07-01,68
932,"Martin, Walton and Clark",Pearsonborough,115,Meredith Roach,2014-12-09,27
933,"Riddle, Ortega and Arias",North Melissa,544,Katherine Stewart,2005-02-20,53
934,"Martinez, Ross and Mitchell",Alexbury,890,Martha Mcbride,2024-02-28,65
935,Michael Ltd,New Susanside,225,Amber Moran,2002-09-11,55
936,West Group,Sherylbury,541,Katherine Taylor,2014-06-01,64
937,Mitchell and Sons,Lunamouth,155,Kevin Oneal,2000-05-31,37
938,"Sanchez, Morris and Howard",East Kendrafort,663,Bryan Wood,2023-10-19,75
939,Elliott-Davis,Williamsfurt,337,Tyler Riley,2015-05-31,89
940,"Combs, Rodriguez and Moore",New Tiffany,102,Mary Thomas,2003-10-09,71
941,Meyer Group,East Rachelview,921,Colin Robertson,2019-11-10,91
942,Andrade LLC,Hunterchester,322,Evan Hill,2014-08-20,50
943,French Inc,Stephanieshire,379,Kenneth Price,2002-04-25,64
944,Brown-Benjamin,New Davidburgh,813,Haley Mcmillan,2020-12-14,51
945,Daniel Ltd,Hallhaven,405,Christine Beard,2010-07-15,76
946,"Krause, Wallace and Davis",New Josephberg,762,Kyle Petersen,2020-04-21,57
947,Chambers and Sons,Lake Valerieborough,300,Carrie Boone,2009-08-12,19
948,Rose Ltd,Sanchezborough,294,Jasmine Barr,2013-07-10,69
949,"Mcfarland, Olson and Mayer",New Scottview,273,Crystal Johnson,2000-11-10,50
950,Day LLC,East Tamaraborough,532,Tracy Obrien,2004-02-24,25
951,"Vaughn, Bishop and Stout",Lisafort,477,Anthony Villa,2007-12-27,26
952,Curtis Group,Floresland,939,Michele Daniels,2013-11-19,50
953,Nguyen-Perry,North Hannahland,774,Reginald Richmond,2014-09-01,90
954,Cox-Robertson,North Stacey,930,Tammy Bailey,2014-12-03,22
955,"Moran, Davis and Richardson",Port Annafort,511,Tina Mcpherson,2007-08-07,5
956,Wright-Robertson,Lake Christina,171,Steven Palmer,2020-08-28,87
957,Roberts Ltd,Staceyport,715,Martin Williams,2016-06-16,41
958,Williams PLC,Baileymouth,683,Stacey Scott,2020-05-07,12
959,"Taylor, Nicholson and Bass",West Heather,715,Melissa Green,2021-12-16,50
960,Johnson-Brown,Ronniehaven,575,Anthony Rojas,2016-12-14,24
961,"Bennett, Sawyer and Chaney",Davidmouth,536,Thomas Gonzales,2001-08-19,90
962,Sims-Elliott,Lake Heidi,665,Veronica Griffin,2000-05-03,29
963,"Smith, Cervantes and Jones",South Scott,757,Jonathan Arroyo,2024-01-25,41
964,Collins and Sons,Gregoryside,289,Morgan Taylor,2015-05-08,89
965,Wyatt-Leblanc,Romerochester,688,Sharon Powers,2022-12-03,65
966,Sheppard-Price,West Anne,203,Robert Rose,2003-11-18,74
967,Sullivan LLC,North Haley,822,Cindy Green,2005-05-03,53
968,Turner and Sons,Leroyton,672,Charles Day,2018-01-08,77
969,"Allison, Phillips and Kelly",Montgomeryfurt,622,Allen Wiggins,2009-10-01,23
970,Curtis-Hall,Robertshire,378,Jenna Morrison,2009-09-22,70
971,Smith-Reynolds,East Caseyhaven,211,Jeffery Hill,2009-12-22,36
972,Lozano PLC,Bryantown,715,Brian Scott,2003-04-17,5
973,Harris LLC,Timshire,729,Cathy Franco,2013-09-21,9
974,"Murphy, Sampson and Moore",Rebeccahaven,230,Michelle Reyes,2003-03-04,79
975,Landry PLC,Zhangtown,796,Samantha Camacho DVM,2022-03-30,84
976,Gilbert and Sons,Leeland,173,David Lee,2015-11-10,26
977,"Turner, Trevino and Bush",Lake Rachaelville,616,Bobby Brown,2023-07-22,72
978,Parker PLC,Davidfurt,501,Stephanie Atkins,2017-01-25,28
979,Wade-Weber,Tinabury,736,Matthew Soto,2004-11-09,71
980,Stephens Group,South Elizabethton,332,Nicholas Hanson,2021-06-02,21
981,Livingston PLC,Martinshire,199,Rebecca Phillips,2023-03-25,23
982,"Walls, Bradley and Hubbard",Owensport,411,Deborah Allen,2001-12-13,7
983,"Wells, Jones and Brown",North David,876,Ms. Rachel Rodriguez,2020-06-12,45
984,Williams-Anderson,New Sheriland,993,Blake Rice,2006-05-14,17
985,"Wood, Garner and George",South Steveview,174,Nicole Schneider,2000-12-11,24
986,"Guzman, Silva and Hendricks",Lake Jessica,516,Steven Meyer,2024-04-07,94
987,"Smith, Smith and Jefferson",Ruthville,844,Justin Sullivan,2009-08-18,32
988,Andrews-Hunt,Holtton,765,Christine Ingram,2010-01-28,65
989,"Guzman, Smith and Sparks",Joelmouth,744,Samuel Meadows,2007-07-17,14
990,"Davis, King and Rhodes",Jacobhaven,973,Jessica Beck,2001-07-01,74
991,"Walker, Clay and Morton",Loganchester,292,Wesley Hart,2014-01-18,46
992,Davis-Tanner,Carterborough,567,Heather Johnson,2018-06-05,77
993,Perez Ltd,Hessburgh,421,Ashley Johnson,2007-11-01,8
994,"Davis, Thompson and Coleman",Oconnorbury,249,Emily Mahoney,2020-08-30,43
995,"Clay, Keller and Valdez",Lake Davidville,764,Johnny Chapman,2005-07-17,35
996,Murphy Ltd,East Janetburgh,489,Adrienne Cervantes,2021-04-10,76
997,"Hurley, Stein and Walter",Brianland,839,David Hall,2004-06-25,44
998,Wyatt-Wong,Matthewborough,129,Patrick Rodriguez,2015-11-25,26
999,"Newman, Thompson and Thompson",Susanfort,398,Beth Lopez,2016-05-29,49
1000,Phillips-Johnson,Jordanville,778,Scott Ruiz,2003-01-15,58
1001,"Brown, Tran and Obrien",South Tiffanystad,169,David Hudson,2001-12-04,78
1002,"Saunders, Moore and Becker",West Robertland,438,Elizabeth Wood,2016-12-13,17
1003,Davis and Sons,Patriciashire,947,Thomas Cook,2009-10-02,72
1004,"Parker, Horton and Murray",Amandaborough,882,Mrs. Debra Villa PhD,2011-01-31,85
1005,Chan PLC,South Peter,602,Kenneth Hernandez,2023-04-13,100
1006,Taylor Inc,North Dennis,939,Kayla Moore,2018-09-10,39
1007,King-Hall,Lake Stevenmouth,389,Maurice Thornton,2001-04-16,13
1008,Hansen Inc,South Tami,652,Scott Miller,2001-01-19,35
1009,Morris-Armstrong,Greenville,300,John Robertson,2001-03-21,18
1010,"Woods, Smith and Simpson",South Judy,274,Tamara Fernandez,2002-08-03,70
1011,Simmons-Horne,Griffinfort,637,Debra Gardner,2010-01-31,92
1012,Williamson-Rodriguez,Port Amyborough,687,Derek Walker,2014-10-10,45
1013,Mcdaniel-Wood,Robertsbury,870,April Boyd,2017-03-13,55
1014,Perez and Sons,Garytown,944,Rachel Griffin,2004-01-29,54
1015,"Mcdonald, Walton and Lindsey",New Michelleview,585,Jonathan Potter,2016-02-22,58
1016,Valencia-Davis,Fieldstown,993,Kevin Williams,2011-03-01,16
1017,Green-Jackson,Cowanburgh,192,Anna Herring,2010-01-04,80
1018,"Green, Reed and Flowers",Taylormouth,258,Kathryn Ramirez,2005-06-11,51
1019,Johnson Ltd,Port Robertshire,355,Jennifer Mitchell,2015-07-30,14
1020,"Maddox, Green and Flores",Hendersonside,175,Angela Li,2021-08-10,35
1021,Boyle-Russell,North Austin,800,Jason Mcconnell,2010-03-25,60
1022,Diaz-Cabrera,South Kristinamouth,870,Shelly Clark,2012-07-15,25
1023,"Griffith, Ramirez and Smith",South Judy,350,Diana Myers,2002-01-16,85
1024,Rose-Miranda,Port Annetteton,910,Kerri Mueller,2022-05-07,29
1025,Williams-Salas,Graytown,282,Dustin Freeman,2019-12-04,13
1026,Webster-Higgins,Port Nicholaschester,276,Elizabeth Spencer,2002-01-14,81
1027,Waller and Sons,Jenniferhaven,720,Billy Ramsey,2021-04-09,79
1028,Lee-Wiley,New Ashley,974,Gordon Webb,2023-05-12,21
1029,Morgan-Adams,Port Lisatown,783,Richard Miranda Jr.,2018-01-21,7
1030,Hood Group,Williamshaven,803,Hannah Kaiser,2005-07-02,68
1031,Torres-Williams,New Paulhaven,902,James Ortega MD,2002-06-30,79
1032,Smith-Lopez,Connerfort,379,Nathan Alvarez,2003-11-13,15
1033,Garcia-Miller,New Charlesport,753,Sean Mosley,2017-10-10,7
1034,Johnson Group,Port Jamesbury,459,Michael Barnes,2019-03-11,68
1035,Duncan Group,Wagnerbury,892,Cameron Johnson,2009-04-05,20
1036,Wilson Ltd,Stephaniehaven,979,Dr. Amanda Porter,2009-08-03,7
1037,Hamilton LLC,West Leah,192,Danielle Ochoa,2009-03-31,67
1038,Lee PLC,Amyton,410,Justin Montgomery,2005-11-09,47
1039,Bentley-Johnson,West Isabella,910,Lori Gonzalez,2014-05-26,96
1040,Carroll and Sons,Schmidtland,779,Justin Lee,2018-01-07,95
1041,"Oneill, Martinez and Thompson",Port Ralphborough,225,Curtis Shelton,2010-08-15,32
1042,Rodriguez Group,Lake Aprilfort,831,Steve Pennington,2009-06-04,49
1043,Cunningham LLC,Cathyshire,676,Tina Romero,2009-05-13,43
1044,Torres-Rodriguez,Lake Gregoryside,990,Kari Clay,2023-10-30,41
1045,"Garcia, Rice and Wheeler",West Stephanie,603,Dana Lee,2002-01-28,83
1046,"Pierce, Taylor and Ball",Wattsside,677,Ms. Taylor Meyer,2023-03-11,63
1047,Bowman PLC,Michellebury,949,Kayla Harrington,2009-03-18,26
1048,Smith Group,Wallport,491,Lance Russell,2013-04-08,18
1049,Farrell and Sons,North Nicholas,328,George Stephenson,2022-11-26,79
1050,"Phillips, Yu and Perkins",North Jonathan,488,Tyrone Golden,2005-02-13,20
1051,Elliott-Garza,Port Kylehaven,830,Jacob Hawkins,2007-07-06,18
1052,Flores PLC,Port Linda,542,Benjamin Lopez,2002-11-15,30
1053,"Harris, Clark and Smith",Hillstad,774,Courtney Alvarado,2017-03-23,97
1054,Mcmillan LLC,South Christopherview,679,Richard Ingram,2005-09-22,49
1055,Hernandez PLC,Wangchester,356,Felicia Watkins,2012-09-02,12
1056,Miller Ltd,North Riley,499,Paul Turner,2023-12-12,98
1057,"Duncan, Hickman and Price",South Sherri,214,Ann Johnston,2023-06-17,88
1058,"Wright, Mcdaniel and Warren",Howellmouth,1000,Jesse Cruz,2001-05-24,78
1059,Miller-Sanchez,North Wendychester,414,Max Smith,2008-12-13,92
1060,Gamble-Franklin,Alanfurt,103,Colin Hancock,2004-10-06,89
1061,Hernandez and Sons,Colleenmouth,888,Andrew Weaver,2021-02-27,18
1062,Morris PLC,Port Adrian,700,Eric Davidson,2002-05-06,41
1063,"Gomez, Thomas and Chan",East Chad,509,Fred Watkins,2001-05-22,14
1064,"Thomas, Barker and Stevenson",Port Michelechester,139,Joshua Jackson,2016-06-22,55
1065,Davis PLC,Port Brandon,949,Sally Lee,2015-03-30,33
1066,Gomez Ltd,Port Helentown,598,Alexa Robinson,2022-03-21,18
1067,Robertson Inc,Christopherstad,157,Hannah Brown,2000-03-13,51
1068,Mejia LLC,Katelynside,277,Kelsey Martin,2016-05-11,7
1069,Newton-Gonzalez,Randyton,215,Cassandra Jones,2015-06-30,95
1070,"Lopez, Blair and Gonzalez",South Michelleton,385,Carmen Vaughan,2014-03-13,85
1071,"Goodman, Flores and Campbell",Port Diane,495,Harold Wilson,2018-06-12,35
1072,Byrd Inc,Sandrafurt,424,Holly Jackson,2009-06-23,78
1073,"Cortez, Harris and House",Jimenezburgh,229,Mary Tyler,2007-04-21,47
1074,Smith and Sons,Halltown,413,Andrea Patterson,2002-05-18,37
1075,"Smith, Wall and Cross",Brandonside,686,Rickey Johnson,2005-06-01,78
1076,"Rodriguez, Webster and Stanley",Hernandezborough,262,Amanda Foley,2015-05-11,18
1077,"Castillo, Hardy and Jones",Port Joshuaside,752,Robert Barron,2004-05-21,25
1078,Sanchez LLC,New Laurenbury,151,Michelle Cantu,2001-03-13,37
1079,Davis-Hodges,Port Williamfurt,172,Teresa Reynolds,2001-08-21,17
1080,"Moore, Stuart and Parks",Jacobshaven,176,Jessica Valdez,2015-03-21,53
1081,Garcia-Mathews,Davidhaven,879,Zachary Leonard,2010-11-16,83
1082,Edwards-Brown,Sandovaltown,193,Jennifer Skinner,2018-08-19,92
1083,"Snyder, Macias and Vaughn",South Amyside,198,Peter Patterson,2011-09-20,88
1084,"Medina, Bates and Davenport",North Kimberly,572,Donald Gould,2013-07-11,38
1085,"Burch, Coleman and Stone",Stewartburgh,903,Diane Johnson,2004-01-14,42
1086,"Shaffer, Jackson and Patton",Wolfborough,803,John Jackson IV,2018-07-22,24
1087,"Rodgers, Cox and Bennett",Jacksonview,837,Matthew Thompson,2023-01-30,56
1088,Green-George,Averyside,345,Brandi Parsons,2018-06-09,21
1089,Rodriguez PLC,West Paula,753,Jeremy Smith,2002-06-07,48
1090,Bailey-Jackson,South Sean,787,Robert Hoover,2009-07-10,46
1091,Parker Group,Loriside,156,Catherine Price,2004-03-12,99
1092,Kerr-Moore,Victorburgh,647,Kyle Chapman,2018-06-13,29
1093,Summers-Gonzales,West Vincent,408,Rebecca Hill,2004-03-26,78
1094,Lopez PLC,Latoyaborough,632,Nathan Peterson,2003-08-13,6
1095,"Miller, Collins and Schultz",South Danielleville,672,Brian Wells,2015-08-13,34
1096,"Ochoa, Miller and Berry",Port Valerie,695,Yvette Martin,2013-12-18,84
1097,Hawkins-Cohen,Hughesside,532,Christopher Watkins,2008-07-02,66
1098,Phillips PLC,Hawkinschester,523,Dawn Scott,2006-08-17,73
1099,Baker-Rogers,Cherryfurt,386,Eric Smith,2011-03-19,50
1100,"Thomas, Caldwell and Flowers",New John,387,Kara Moore,2016-07-30,17
1101,Conner-Ayala,Ashleyton,956,Donna White,2002-03-16,63
1102,Johnson-Jones,West Jenniferberg,239,Randall Torres,2000-12-15,8
1103,Lang-Collins,Christensenborough,968,Nicole Jones,2015-07-28,63
1104,Hall Group,Andreatown,392,Nicole Willis,2006-10-04,76
1105,"Miller, Jones and Russell",Williamsstad,960,Raymond Patel,2012-02-29,62
1106,"Cook, Martin and Bailey",Adamton,572,Daryl Simmons,2006-02-17,6
1107,"Smith, Jackson and Brady",New Thomasville,107,Mr. Travis Knox,2004-10-15,5
1108,Anthony Inc,Port Hunterfurt,189,Steven Smith,2008-08-18,25
1109,Hawkins-Hansen,Davidshire,145,Edward Garner,2011-01-21,28
1110,Gonzalez-Thompson,East Billy,688,Megan Little,2022-03-03,29
1111,Clark-Duncan,South Margaret,795,Diane Bowers MD,2003-11-15,57
1112,Gutierrez Ltd,Anthonyville,875,Catherine Cook,2001-04-11,49
1113,Best LLC,Howardchester,787,John Ayala,2023-09-05,73
1114,"Martin, Lopez and Parker",Baxterside,860,Michael Lopez,2013-09-17,94
1115,"Grant, Harrison and Meyer",Haleyshire,574,Mr. Nicholas Wilson Jr.,2009-01-15,93
1116,"Pruitt, Clarke and Ramirez",Lake Jared,690,Bryan Thornton,2023-10-30,82
1117,Beck-Knight,West Jacquelinetown,889,Richard Moss,2015-11-28,80
1118,"Davis, Garrison and Thompson",Mosleymouth,320,Andrea Duran,2009-07-23,45
1119,Garcia-Nelson,East Diamondhaven,451,Donald Owen,2009-09-10,9
1120,Perkins LLC,Jeffreyshire,658,Jeremy Friedman,2017-04-20,77
1121,Parsons-Collins,Maryfurt,647,Amy Marshall,2004-04-18,85
1122,Perry LLC,South Kiarastad,717,Breanna Williams,2008-06-21,52
1123,Bradshaw PLC,Lake Ericburgh,860,Eric Hutchinson,2020-04-15,69
1124,Harrison Group,Robertberg,172,Stephen Parker,2018-03-28,45
1125,"Yoder, Pruitt and Yu",South Melissaview,185,Laura Wang,2004-02-05,49
1126,"Palmer, Kim and May",New Meghan,540,Sarah Hunt,2007-12-23,7
1127,Nelson Ltd,Brianchester,784,Amanda Stevenson,2020-11-27,35
1128,"Martinez, Hester and Baker",Port Rebekah,169,Kayla Carney,2007-10-03,95
1129,"Garza, Tran and Lewis",Jenniferbury,205,Renee Gonzalez,2004-10-21,48
1130,Fischer and Sons,Johnsonfort,850,Leslie House,2018-09-10,8
1131,Rodgers-Glass,Michaeltown,335,Holly Ramos,2017-07-04,63
1132,Watson and Sons,Port Jenniferton,343,Andrew Valdez,2005-06-10,86
1133,"Mueller, King and Wilson",Lake Linda,264,Brent Sanders,2010-06-05,22
1134,"Lin, Thomas and Knight",West Mark,388,Gary Brooks,2011-09-12,68
1135,Herman-Hill,Lake Kent,763,Susan Howard,2003-10-25,49
1136,Phillips Inc,Wilsonview,845,Christine Adams,2001-08-17,92
1137,Johnson-Fisher,New Wesley,270,Sophia Hester,2007-06-20,84
1138,"Lutz, Harrison and Richardson",Jamietown,903,Joel Reilly,2008-08-26,65
1139,"Smith, Ramos and Wolf",Port Kevinville,281,Tara Bullock,2001-08-26,81
1140,Gardner PLC,Thomaston,816,Mark Chavez,2004-05-13,66
1141,"Jones, Owens and Holland",Lake Craigberg,722,Taylor Clark,2022-07-19,48
1142,Phillips Ltd,West Joseph,761,Andrea Grant,2015-03-18,15
1143,Flores LLC,South Elizabeth,101,Gary Ruiz,2023-06-07,76
1144,Tran-Rivas,Schroedermouth,599,Ashley Carter,2018-04-13,30
1145,Hamilton-Holmes,East Mistyfort,516,Dakota Martin,2001-04-06,37
1146,Shelton-Chavez,Lake Jesse,535,Veronica Flores,2019-03-15,78
1147,Garza-Mathews,West Kristenville,942,Scott Hays,2001-11-22,10
1148,"Robinson, Murray and Davis",New Jonathan,799,Jimmy Dorsey,2015-08-21,64
1149,Hicks Ltd,Brendanville,174,Jonathan Martin,2004-12-08,14
1150,Rodriguez Ltd,Jeanneland,833,Juan Jones,2007-05-10,78
1151,Rivera-Lopez,Johnsontown,110,Leonard Cooper,2013-07-22,11
1152,James PLC,Lake Markstad,885,Cynthia Higgins,2014-09-30,6
1153,Phillips-Gray,Portermouth,635,Jill Rodriguez,2006-04-22,13
1154,"Bennett, Mata and Moreno",Jamesfurt,357,Bradley Williams,2005-03-01,27
1155,Black Group,Lindseyborough,175,Megan Jones,2006-03-21,93
1156,"Walton, Mullins and Carter",East Jacquelineshire,802,Joseph Winters,2008-07-22,43
1157,Underwood Group,Rachelbury,226,Cynthia Williams,2012-06-19,46
1158,"Williams, Blair and Miller",Jonesview,938,Mrs. Rebecca Washington,2018-09-20,85
1159,Calderon-Harris,South Tonimouth,670,Courtney Villanueva,2010-02-16,30
1160,Wells PLC,Cathyshire,578,Kyle Mcdonald,2010-04-06,34
1161,"Hansen, Morris and Osborn",Margaretmouth,966,Lindsey Steele,2010-08-15,38
1162,Foster LLC,New Brenda,588,Mathew Farmer,2010-05-14,89
1163,Mack-Bush,Angelatown,463,Michael James,2017-09-02,93
1164,Green and Sons,Edwardsview,453,Stephen Mora,2008-01-11,86
1165,Collins-Cabrera,West Kristin,528,Alan Lucas,2006-04-18,10
1166,Burton Group,Jennifershire,118,Jennifer Jimenez,2015-05-21,11
1167,"Johnson, Davis and Banks",Alexandermouth,975,Jacob Davis,2020-12-06,25
1168,Garza LLC,Lake Maxhaven,146,Steven Rodriguez,2005-11-23,39
1169,Figueroa-Zuniga,South Kayla,271,Lisa Hampton,2009-12-13,95
1170,Davies Ltd,Sarahside,144,Robert Steele,2011-04-06,46
1171,Larson Inc,Kellerville,491,William Elliott,2008-11-13,6
1172,Schaefer Ltd,Jasonhaven,517,Stephanie Irwin,2009-05-28,82
1173,Griffith Ltd,East Keith,109,Karl Lopez,2023-10-28,54
1174,Richards-Bowers,South Joshua,501,John Phillips,2015-07-10,77
1175,Jones-Smith,West Derekview,294,Seth Wilson,2017-04-16,76
1176,"Silva, Howard and Olson",East Matthewstad,723,Andrew Hanna,2012-03-27,22
1177,"Hobbs, Ortiz and Novak",New Brittany,223,Ronnie Gaines,2023-10-21,31
1178,Sanders-Paul,Donnahaven,617,Michelle Brock,2008-07-09,12
1179,Haley-Mathews,New Leslie,985,Richard Chang,2007-04-22,7
1180,"Gonzalez, Baldwin and Valentine",New Joefort,788,Justin Martin MD,2024-02-08,81
1181,Anderson Group,East Zachary,733,Richard White,2011-12-09,49
1182,Glover-Chung,Boydview,528,Mrs. Carrie Mendoza,2007-02-20,79
1183,Jennings-Burton,Jasonside,619,Brian Weber,2002-04-10,5
1184,Gibbs-Jimenez,Andrewsland,684,Dylan Ray,2008-10-22,48
1185,Martin-Whitehead,Ashleyfort,446,Michael Woods,2019-08-18,98
1186,Melton-Dawson,Port Davidfort,440,Melinda Melendez,2004-02-29,99
1187,"Massey, Hughes and Santos",Webbview,822,Emily Rodriguez,2002-06-07,81
1188,Greene-Jackson,Angelaland,917,Michael Franklin,2013-04-19,30
1189,"Perez, James and Grant",Waltersview,176,Heather Smith,2011-10-20,37
1190,Brown Inc,Floresfort,858,Logan Castro,2015-12-14,78
1191,Suarez Group,Katherinehaven,791,Michael Sampson,2013-10-29,27
1192,"Morales, Chaney and Hall",West Patrickland,631,Clayton Cummings,2003-08-21,91
1193,Tanner-Ryan,Janiceberg,431,Amanda Dalton,2014-04-07,29
1194,Davis-Lee,East Lauraborough,446,Nicole Garcia,2019-02-16,32
1195,Arias-Burke,Camachoport,953,Anthony Cain,2006-12-18,67
1196,Perez-Dougherty,West Kelseyhaven,1000,Stephen Larson DDS,2016-12-13,39
1197,"Craig, Vasquez and Jacobs",East Garrettside,534,Jenna Ford,2020-05-15,33
1198,Tucker Group,Robinfurt,627,Christopher Curtis,2013-08-12,67
1199,Peterson and Sons,Lake Craig,159,James Crawford,2022-02-01,67
1200,Walker-Campbell,North Johnmouth,712,Stephanie Doyle,2001-11-09,15
1201,Mcgee-Wiley,Lake Shawnton,524,Sandra Taylor,2014-10-27,48
1202,"Hernandez, Burgess and Jenkins",Jameston,301,James Nguyen,2002-05-19,44
1203,Castro-Ellis,Coxtown,277,Kevin Hill,2020-08-29,26
1204,Smith Inc,Brookschester,582,Mr. Juan Martin DVM,2010-08-25,7
1205,Zimmerman Inc,East John,294,Pamela Miller,2010-09-09,68
1206,Gonzales-Hardin,Lake Kevinstad,118,Hannah Bonilla,2016-08-20,88
1207,Oliver PLC,Blairberg,297,Douglas Crawford,2019-04-11,12
1208,Odonnell-Price,Lake Michelle,841,Jennifer Moyer,2009-11-10,22
1209,"Evans, Munoz and Frank",Shelbyshire,194,Heather Brown,2017-04-27,33
1210,Ferguson LLC,West Rachaelport,259,Michelle Bowman,2022-09-24,59
1211,"Smith, Henderson and Hernandez",Dorseytown,336,Sean Gardner,2016-05-16,15
1212,Yang LLC,South Davidville,318,Maurice Gutierrez,2009-12-15,89
1213,"Ellis, Doyle and Graham",South Robert,602,Donald Fuller,2002-09-24,20
1214,Thomas and Sons,South Mike,974,Kimberly Murphy,2011-02-09,42
1215,"Rodriguez, Miller and Martin",Davidmouth,413,Patrick White,2005-12-20,52
1216,"Charles, Miller and Hill",Port Alexandermouth,133,Kenneth Gonzalez,2002-08-06,10
1217,Gray-Campbell,Andrewstad,928,Mrs. Lisa Austin,2010-04-06,6
1218,Rollins PLC,Lake Jenniferport,531,Eric Davis,2002-08-15,94
1219,"Thomas, Ramos and Jones",Cynthiaville,638,Brian Williams MD,2001-09-20,46
1220,"Richardson, Lindsey and Carter",Port Leah,583,Robert Williams,2001-10-17,6
1221,"Morgan, Moore and Martinez",Timberg,273,Philip Juarez,2012-10-02,45
1222,Rice-Cervantes,Alexanderland,564,Rachel Bailey,2010-12-20,88
1223,"Estrada, Durham and Harris",East Nancy,224,Helen Jimenez,2016-11-09,62
1224,Lewis PLC,Nicholasmouth,112,Stephanie Brown,2000-06-08,7
1225,Hicks-Salazar,South Andrewchester,659,Brittany Delacruz,2003-06-27,32
1226,"Miller, Pierce and Richards",Lake Jeffreyside,435,Mr. Marc Solis,2006-08-02,81
1227,"Serrano, Austin and Gray",South Matthew,633,Louis Simpson,2023-08-20,45
1228,Wilson Inc,East Jacqueline,270,Pedro Bates,2021-01-01,65
1229,"Smith, Alexander and Davenport",Davidfurt,955,Nicole Cooper,2011-04-03,19
1230,Hunt-Rodriguez,Lesliechester,395,Alexis Smith PhD,2013-06-27,18
1231,"James, Wolfe and Taylor",East Charlestown,996,Erica Hayes,2004-10-21,43
1232,Moyer and Sons,New Robert,777,William Wagner,2008-01-11,59
1233,Moore LLC,Lake Maurice,830,Alfred Edwards,2022-04-09,15
1234,Michael and Sons,Lake Robert,531,Sarah Miller,2007-05-28,76
1235,Vance-Cervantes,West Ronnie,195,David Mitchell,2020-12-02,32
1236,Duffy-Porter,Port Marthaburgh,916,Chris Cook,2011-01-13,44
1237,Evans-Thomas,Emilyland,479,David Martin,2011-06-22,33
1238,Luna-Castillo,Kimberlyville,604,Julia Jones,2022-03-19,99
1239,Harper-Garcia,Nicolefort,628,Kristine Navarro,2002-02-08,32
1240,"Taylor, Green and Mata",Gailburgh,654,Carrie Butler,2005-04-06,91
1241,Dunn Inc,Matthewview,106,Jeremy Garner,2010-11-24,21
1242,Ortiz LLC,Chadshire,670,Jordan Hardy,2018-04-09,80
1243,Middleton-Scott,Lake Michaelshire,466,Randy Daniels,2003-10-05,47
1244,"Bridges, Keller and Guerra",Lake Staceyfort,208,Emma Boyle,2024-01-24,79
1245,"Price, Weaver and Short",Gutierrezview,796,Jared Cooper,2020-04-20,46
1246,Norman LLC,Davisborough,771,Richard Simpson,2015-06-24,10
1247,Taylor PLC,Sierraberg,284,Mr. Harold Anderson,2013-11-22,60
1248,Grimes-Elliott,Prattshire,105,Shelby Davis,2004-08-14,19
1249,Kelly Inc,New John,299,Madison Hayes,2023-05-29,62
1250,Hall-Benton,West Williamside,229,Amanda Jones,2016-04-28,13
1251,"Dixon, Thompson and Smith",East Kevin,330,Allison Kane,2008-09-19,36
1252,Webb and Sons,Ortegachester,563,Matthew Hunter,2016-08-31,17
1253,"Pittman, Martin and Boyer",East Staceyfurt,346,Betty Santos,2005-07-14,64
1254,Hanson-Barber,Danielmouth,581,Monica Lopez,2011-08-27,18
1255,Davis Ltd,New Patriciafort,357,Elizabeth Terrell,2011-09-08,44
1256,"Williams, Brown and Maxwell",North Theodore,483,Hunter Martin,2022-10-15,27
1257,Gallagher-Salas,Walkerland,582,Kathleen Stevenson,2008-04-10,50
1258,"Shaffer, Ortiz and Macdonald",Port Kevinborough,740,Michael Johnson,2023-08-14,64
1259,Briggs-Church,South Clayton,628,Eric Davis,2006-09-10,100
1260,Bell-Lopez,Hernandezhaven,250,Megan Camacho,2021-08-18,92
1261,"Noble, Floyd and Robinson",Chambersstad,421,Hannah Stout,2020-07-30,55
1262,Harrington-Yates,Lake Ronaldstad,528,Joseph Hall,2002-03-29,15
1263,Fernandez-Peterson,Hollybury,615,Amanda Sharp,2013-10-18,53
1264,Phillips-Miller,North Anthony,871,Larry Gonzalez,2008-11-14,86
1265,Wilson Inc,Courtneyfurt,836,David Barajas,2004-12-25,68
1266,Carey-Webster,Lindsayshire,750,David Lin,2021-09-23,32
1267,Cox and Sons,East Richard,323,Sarah Gibbs,2014-06-01,93
1268,"Dominguez, Graham and Davis",Colemanport,785,Dustin Rodriguez,2008-11-01,62
1269,Mckenzie-Olson,Owensberg,905,Nichole Harrison,2021-11-30,56
1270,Phelps and Sons,Lake Derek,302,Michael Hopkins,2019-08-25,46
1271,Smith Group,Brendaborough,287,Cole White,2014-10-02,59
1272,Wilson-George,Jamesbury,357,Amanda Jackson,2018-11-15,58
1273,"Kim, Zimmerman and Malone",New Andrew,111,Jill Gonzales,2022-01-06,90
1274,Greene PLC,Wyattland,986,Amanda Hess,2020-05-03,47
1275,Rivers-Smith,Youngton,600,Tiffany Webb,2019-06-22,100
1276,Silva and Sons,Ashleyborough,877,Jacqueline Frye,2023-12-27,48
1277,"Figueroa, Le and Black",Brownville,106,Russell Barry,2015-07-12,71
1278,"Williams, Neal and Miller",Pamelaland,443,Jordan Herrera,2009-12-18,64
1279,Johnson LLC,Masonborough,936,Angela Irwin,2000-05-04,13
1280,"Thornton, Edwards and Rivera",Scottville,260,Terry Ross,2010-02-24,48
1281,"Ray, Lamb and Murray",Timothyfort,144,Mark Webster,2014-05-17,21
1282,Sellers-Anderson,West Craigchester,454,Perry Villegas,2011-03-03,75
1283,"Bender, Rivera and Bates",Taylorhaven,145,Louis Berg,2011-07-13,72
1284,"Wright, James and Cooper",Mackfurt,828,Lori Adams,2008-09-26,22
1285,Medina Ltd,North Maria,941,Brendan Byrd,2001-04-11,78
1286,Klein-Sanchez,Lisaport,219,Steve Smith DDS,2001-07-03,7
1287,"Strong, Lucero and Garrett",Chapmanport,599,Joel Michael,2024-01-25,66
1288,Little-Morton,Port Cheyenne,798,Stacey Meadows,2000-06-16,39
1289,"Harding, Sanchez and Blackburn",Jonesstad,248,Ivan Brown,2016-10-19,27
1290,"Gardner, Curry and Keller",New Brandon,944,Amanda King,2023-11-19,8
1291,"Villanueva, Meadows and Ibarra",East Mariomouth,938,Ashley Lopez DVM,2010-11-07,32
1292,Zhang-Gray,Port Johnstad,895,Jenna Holt,2004-06-18,77
1293,Ryan-Smith,Mccarthytown,886,Erica Gill,2023-09-07,60
1294,Conner-Lin,Lake Roberthaven,916,Miranda Lee,2006-09-03,55
1295,"Weaver, Smith and Small",Lucasville,846,Connor Velez,2021-12-02,58
1296,Morris and Sons,Romanshire,811,Sara Matthews,2019-08-13,7
1297,"Krause, Kennedy and Terrell",Simston,215,Mary Mcfarland,2012-08-18,30
1298,Brown-Bates,West Ericshire,518,Danny Singh,2008-04-21,27
1299,"Peck, Leach and Santana",Rubioport,125,Diane Young,2011-02-16,83
1300,Fuentes Group,Thomasmouth,140,Alexandra Farley,2002-05-04,28
